rank,name,count
1,이준,14601
2,도윤,14142
3,하준,12991
4,서준,12708
5,시우,11968
6,은우,11266
7,지호,10157
8,이안,9424
9,선우,9198
10,유준,9159
11,수호,9035
12,도현,8958
13,예준,8125
15,주원,7662
16,이현,7444
17,도하,7407
18,연우,7342
19,태오,7223
20,윤우,7156
21,로운,7092
22,시윤,6867
23,우진,6825
24,준우,6661
25,민준,6573
26,은호,6110
27,건우,5773
28,지후,5655
29,지한,5451
31,서진,5401
32,하진,4704
33,서우,4619
34,현우,4459
35,준서,4313
36,도준,4284
37,지우,4250
38,이한,4242
39,유찬,4210
40,지안,4168
41,유안,3950
42,정우,3891
44,하온,3840
46,지훈,3632
47,다온,3626
48,하민,3462
49,시안,3414
50,이도,3250
51,지오,3242
52,태이,3223
53,도율,3162
54,태윤,3079
55,윤재,3071
56,단우,3054
57,한결,3028
58,로이,3022
59,시현,3009
60,우빈,2974
61,태하,2951
62,주안,2913
63,진우,2903
64,재윤,2873
65,재하,2856
66,시후,2823
67,서호,2765
68,재이,2751
69,도겸,2655
70,도영,2627
71,라온,2619
72,윤호,2579
74,시원,2450
75,승우,2437
76,선호,2430
77,민재,2383
78,하율,2382
79,주호,2306
81,이찬,2228
82,아준,2223
83,지율,2214
85,은찬,2166
86,유현,2165
87,지민,2154
88,수현,2074
89,하랑,2073
90,하늘,2062
91,도진,2044
92,도원,2027
93,유건,1972
94,시율,1954
98,연준,1884
99,도훈,1878
100,현준,1861
102,시호,1837
103,지환,1836
104,서후,1821
105,지원,1819
106,도경,1799
107,정후,1774
109,하성,1752
110,서율,1742
112,서원,1657
113,이담,1647
114,도운,1619
115,해준,1596
116,정원,1589
117,태율,1525
118,민호,1515
119,태준,1502
120,지온,1491
121,태민,1481
122,이진,1478
123,민우,1465
124,리안,1462
125,민찬,1440
126,유담,1430
127,시훈,1429
128,유진,1381
129,우재,1370
130,시완,1365
131,재원,1355
132,은성,1339
133,유하,1338
133,인우,1338
135,아인,1336
136,도건,1332
137,준호,1331
138,강우,1329
140,이재,1291
141,서하,1275
143,재현,1246
144,강민,1242
145,승현,1239
146,연호,1234
147,우준,1230
147,은율,1230
149,예찬,1228
150,규민,1226
152,로하,1209
154,윤성,1201
155,재율,1196
156,시환,1183
159,해인,1126
160,서안,1116
161,우현,1114
162,태인,1101
163,지운,1091
164,예성,1083
165,윤찬,1068
167,선율,1057
168,원우,1042
169,하빈,1039
170,지완,1031
171,규빈,1026
171,이수,1026
173,서빈,1012
174,지혁,996
175,준혁,994
176,유민,990
177,리한,983
178,현서,982
179,가온,973
180,세준,967
180,승민,967
182,리우,966
183,윤후,960
184,민성,955
186,강현,939
187,서한,938
188,태현,935
189,리호,931
190,지성,917
191,로한,913
192,재민,911
193,준후,900
194,준수,896
195,준영,891
196,주한,890
197,신우,885
198,태호,883
199,승호,874
200,다원,870
201,우찬,869
202,성준,868
203,하윤,864
204,수혁,859
205,동하,853
206,승빈,849
207,건후,843
208,세현,840
209,건율,839
210,해온,838
211,정민,835
213,성빈,832
214,민규,820
215,재준,815
216,민건,807
217,승준,795
218,강준,792
219,리온,789
220,은준,783
221,태온,781
222,도빈,779
222,은재,779
225,유호,768
226,승윤,754
227,시하,753
228,채민,747
230,찬영,730
231,이건,722
232,민혁,718
233,한별,715
234,동윤,709
235,건호,701
236,이서,700
237,주영,695
238,주환,686
239,범준,678
239,시헌,678
241,해성,677
242,우영,675
243,승재,673
244,시준,670
244,호준,670
246,성현,664
247,호연,663
248,원준,654
249,혜성,652
250,선재,650
251,승원,648
252,성윤,644
253,주완,642
253,찬우,642
255,한울,634
256,정현,633
257,도연,630
259,하겸,622
260,여준,619
261,지용,618
262,강윤,608
265,제이,604
266,로윤,603
266,태경,603
268,태건,602
270,한율,597
271,성민,595
272,승후,592
273,루이,590
274,유겸,588
275,찬율,587
277,리오,586
277,민결,586
277,윤건,586
280,동현,585
281,재우,582
282,서윤,580
283,유성,562
285,우성,556
286,윤준,554
286,주혁,554
288,하담,552
289,진서,551
290,주하,550
291,윤서,548
292,이환,547
293,건하,539
294,채우,538
297,유빈,532
298,민서,531
300,예건,525
301,다겸,524
302,상윤,522
302,태우,522
305,은후,518
306,현호,516
307,준성,511
307,효준,511
310,서온,503
312,준이,498
315,연후,492
315,태영,492
317,채운,491
318,예담,489
319,현진,487
321,유한,486
322,도담,481
324,지웅,477
325,영준,468
325,은수,468
327,현민,467
328,태훈,465
330,재호,460
332,정윤,458
333,이겸,457
334,인호,456
336,다율,454
337,정훈,452
338,도헌,449
339,이헌,448
340,승찬,445
341,이레,442
342,우리,440
344,도한,436
344,태겸,436
346,재영,432
347,유신,430
348,현빈,427
348,희찬,427
350,루다,426
350,모건,426
353,정빈,425
354,재훈,424
355,한서,418
355,현승,418
357,바다,417
358,동우,415
359,현수,414
360,호진,412
361,로아,408
362,세진,404
363,세윤,403
363,용준,403
363,호윤,403
366,민율,402
367,민수,398
367,영우,398
367,윤오,398
370,수민,397
371,민석,393
372,준원,391
372,해담,391
374,희준,388
375,지수,386
375,한빈,386
377,시언,385
377,현성,385
380,상우,383
383,주현,378
384,수안,377
384,진호,377
386,유온,375
387,규현,373
388,윤수,371
390,하엘,368
391,호수,367
392,동준,366
392,우혁,366
394,리환,362
395,정안,361
397,민기,359
398,연재,358
399,희성,357
400,태성,354
402,혜준,353
405,이강,347
405,태서,347
405,하운,347
410,이원,339
411,강인,338
414,성우,335
414,준범,335
416,세온,333
417,수오,332
417,은결,332
419,은오,331
419,이룬,331
421,서현,329
421,시운,329
423,강빈,328
423,한준,328
425,제하,327
425,태빈,327
427,경민,323
429,채호,318
431,수빈,316
432,루안,313
434,보겸,312
435,윤슬,311
436,이선,310
437,다민,308
437,의준,308
441,재아,303
442,이산,302
443,세훈,301
445,유승,299
446,도아,298
447,미르,296
447,해원,296
449,재혁,295
451,루하,294
453,대현,293
455,대한,290
456,승훈,289
457,태강,286
458,성훈,284
459,주헌,282
459,찬빈,282
461,현재,281
462,지윤,280
463,동건,278
463,동욱,278
465,상현,275
466,도이,273
466,동훈,273
466,진혁,273
466,희재,273
470,규원,272
470,시영,272
470,준오,272
474,세하,270
475,태리,269
476,다호,268
477,태연,267
479,민후,266
480,다준,264
480,찬민,264
480,태웅,264
483,로원,261
483,여름,261
483,재빈,261
487,태원,258
489,윤제,257
489,태환,257
491,준휘,256
492,민겸,255
494,로현,253
494,서훈,253
497,지섭,252
498,다빈,251
498,예온,251
500,태산,249
501,해찬,248
502,선준,247
503,희우,246
504,동연,245
504,선후,245
504,유원,245
507,도형,244
508,리원,240
508,세민,240
508,아진,240
508,우석,240
512,정호,238
512,지욱,238
514,도언,237
514,은혁,237
514,지헌,237
517,경준,236
517,종현,236
519,윤겸,235
519,진영,235
521,영웅,234
521,우민,234
523,보현,233
523,은규,233
523,찬이,233
526,준하,232
527,성하,230
528,승연,229
530,리현,228
530,해강,228
532,유환,227
534,규진,224
535,도환,223
536,다올,222
536,이랑,222
538,도혁,221
538,도후,221
538,도휘,221
541,가을,220
541,주찬,220
544,주언,218
545,승헌,217
545,준석,217
547,승환,215
548,해윤,214
549,시진,213
549,형준,213
551,주성,211
551,해율,211
553,준기,210
554,강훈,209
554,이엘,209
556,도균,208
557,재인,207
558,성원,206
558,재연,206
558,진하,206
561,다훈,205
562,주형,204
564,도우,203
564,이언,203
567,지석,202
568,성진,201
568,세인,201
568,수찬,201
571,산하,200
571,이음,200
573,근우,199
573,영민,199
575,채준,198
576,현규,197
577,노엘,196
577,석현,196
577,윤기,196
577,이룸,196
577,채훈,196
583,민제,194
583,재범,194
583,준현,194
583,호영,194
588,재용,193
589,강율,192
589,의진,192
589,진후,192
593,정하,191
593,정혁,191
595,준모,190
595,태규,190
595,해랑,190
598,민승,188
598,연수,188
600,예강,185
600,진욱,185
600,태랑,185
603,시오,184
603,준형,184
605,담우,183
605,윤빈,183
605,재온,183
608,주빈,182
608,한빛,182
610,담호,180
610,대윤,180
610,해민,180
610,희윤,180
614,인준,179
615,선빈,178
615,성재,178
615,시혁,178
615,윤결,178
615,지현,178
621,선오,177
621,슬우,177
621,승혁,177
621,하음,177
626,예한,176
628,아성,175
630,정환,174
631,준환,173
633,이윤,172
633,찬혁,172
635,민하,171
635,준민,171
637,해진,170
639,영광,169
639,이연,169
642,래오,168
642,주윤,168
642,희도,168
645,동원,167
645,루빈,167
645,서인,167
645,시형,167
650,래원,165
650,승기,165
650,예안,165
650,원재,165
650,인서,165
655,규담,164
655,루한,164
655,종윤,164
658,다윤,163
658,다현,163
658,태형,163
662,예훈,162
663,승하,161
663,희원,161
666,리후,160
667,대호,159
667,로율,159
667,시한,159
670,로안,158
670,원호,158
670,정한,158
673,서담,157
673,이경,157
675,노을,156
675,의현,156
677,명준,155
678,누리,154
678,도안,154
678,재경,154
678,지구,154
682,준아,153
682,지승,153
684,민국,152
684,서환,152
684,하울,152
688,동휘,151
688,래온,151
688,제윤,151
688,하이,151
692,채현,150
693,라현,149
693,슬찬,149
693,영재,149
696,루오,148
697,기범,147
697,도일,147
697,은석,147
697,재성,147
702,건아,146
702,상준,146
704,건영,145
704,성연,145
704,수인,145
708,유노,144
708,이호,144
708,지찬,144
712,기현,143
712,동규,143
712,라윤,143
712,리건,143
717,서완,142
717,아서,142
717,이율,142
717,재후,142
717,종우,142
717,찬서,142
717,하다,142
724,성호,141
724,찬호,141
724,한겸,141
729,서오,140
729,서찬,140
729,우연,140
729,윤민,140
733,현오,139
735,기윤,138
735,현석,138
737,아민,137
737,인성,137
739,라원,136
739,용우,136
739,윤하,136
742,동혁,135
742,로훈,135
742,인하,135
742,진원,135
742,하승,135
747,강호,134
747,라율,134
747,승범,134
747,용하,134
747,재환,134
752,재헌,133
753,수한,132
753,진율,132
753,채율,132
753,하원,132
757,서휘,131
757,수환,131
757,윤혁,131
757,정인,131
761,겨울,130
761,로준,130
761,정운,130
761,채하,130
765,예현,129
768,리윤,128
768,믿음,128
768,별하,128
771,무빈,127
772,윤상,126
772,이온,126
772,태용,126
775,성찬,125
775,세빈,125
775,희온,125
779,차민,124
780,강산,123
780,성운,123
780,재형,123
780,현율,123
784,동호,122
786,동후,121
786,우겸,121
786,준용,121
789,건민,120
789,경빈,120
789,루호,120
789,영찬,120
789,이우,120
789,휘서,120
796,보민,119
796,수하,119
796,영진,119
796,해수,119
796,희수,119
801,영훈,118
801,채윤,118
804,수영,117
804,의찬,117
804,정연,117
804,태한,117
804,현도,117
804,희건,117
811,승안,116
811,주훈,116
813,동빈,115
813,산들,115
813,재오,115
813,지음,115
813,해일,115
821,무진,114
821,새벽,114
821,재서,114
824,강후,113
824,규하,113
824,동민,113
824,상원,113
824,연오,113
824,우인,113
824,윤석,113
824,정준,113
824,준상,113
824,하경,113
835,다운,112
835,다인,112
835,라운,112
835,범서,112
835,상민,112
835,세영,112
835,이제,112
842,종혁,111
843,지태,110
844,건휘,109
844,범진,109
844,시연,109
844,은겸,109
848,석준,108
848,재욱,108
851,온우,107
852,건이,106
852,주오,106
855,가빈,105
855,백현,105
855,윤도,105
860,솔민,104
860,신후,104
860,우담,104
860,태후,104
860,하서,104
866,성율,102
866,유완,102
866,푸름,102
871,강온,101
871,선민,101
871,세원,101
871,세한,101
871,예승,101
871,제우,101
871,태헌,101
871,하리,101
879,기준,100
879,여울,100
879,지담,100
879,창민,100
884,하언,99
885,산호,98
885,영빈,98
885,원빈,98
885,채환,98
885,호현,98
885,효재,98
891,남우,97
891,동율,97
891,민형,97
894,단율,96
894,수겸,96
898,리완,95
898,상훈,95
898,세종,95
898,용재,95
898,용현,95
898,이훈,95
898,제현,95
898,형우,95
898,희민,95
907,권율,94
907,규연,94
907,규호,94
907,라준,94
907,유재,94
913,나준,93
913,상혁,93
913,원영,93
917,승언,92
917,우원,92
920,나우,91
920,아율,91
920,영현,91
920,하균,91
925,경훈,90
925,도호,90
925,루원,90
925,제민,90
925,채원,90
925,희율,90
931,대훈,89
931,세연,89
931,소울,89
931,연석,89
931,영서,89
931,용진,89
931,은기,89
931,진수,89
931,휘준,89
942,다을,88
942,루아,88
942,민영,88
942,하현,88
942,휘윤,88
948,다일,87
948,대영,87
948,민욱,87
948,아온,87
948,우제,87
948,정진,87
948,채완,87
956,라호,86
956,병준,86
956,찬슬,86
956,태운,86
962,영후,85
962,장우,85
962,재웅,85
962,혁준,85
962,화랑,85
967,민현,84
967,세율,84
967,세찬,84
967,승규,84
967,아현,84
972,루온,83
972,사랑,83
972,새온,83
972,승리,83
972,승온,83
972,승운,83
972,정재,83
972,주우,83
980,남준,82
980,도엽,82
980,승한,82
980,시아,82
980,한성,82
980,해리,82
989,종하,81
989,채빈,81
989,태진,81
993,상율,80
993,이결,80
993,현모,80
996,강한,79
996,나단,79
996,도완,79
996,동해,79
996,리하,79
996,서언,79
996,태범,79
996,태완,79
1005,다건,78
1005,승완,78
1005,온율,78
1005,차윤,78
1005,태욱,78
1005,호빈,78
1011,관우,77
1011,로완,77
1011,서겸,77
1011,선하,77
1011,현욱,77
1011,호원,77
1018,대겸,76
1018,유엘,76
1018,은총,76
1018,인혁,76
1018,인후,76
1018,재겸,76
1018,재진,76
1026,담율,75
1026,대성,75
1026,리율,75
1026,리준,75
1026,시욱,75
1026,영원,75
1026,오름,75
1026,원율,75
1026,윤담,75
1026,준빈,75
1026,지빈,75
1026,진성,75
1026,한이,75
1040,근호,74
1040,보검,74
1040,서헌,74
1040,선웅,74
1040,성환,74
1040,예겸,74
1040,재한,74
1040,주온,74
1040,준겸,74
1040,준한,74
1040,태혁,74
1040,하영,74
1040,현중,74
1055,다움,73
1055,무겸,73
1055,예호,73
1055,은상,73
1055,하건,73
1062,건오,72
1062,승진,72
1062,유근,72
1062,유섭,72
1062,준경,72
1062,준규,72
1070,나건,71
1070,단하,71
1070,대원,71
1070,아빈,71
1070,아일,71
1070,진현,71
1070,하선,71
1070,효성,71
1079,지형,70
1079,채오,70
1081,성후,69
1081,승오,69
1081,우경,69
1081,제율,69
1081,종민,69
1081,준재,69
1081,현웅,69
1081,호성,69
1091,권우,68
1091,재운,68
1091,정율,68
1091,진오,68
1091,태휘,68
1096,경호,67
1096,백호,67
1096,상진,67
1096,승수,67
1096,정욱,67
1096,제아,67
1096,제훈,67
1096,지산,67
1096,한슬,67
1096,한영,67
1096,효원,67
1109,단후,66
1109,대건,66
1109,도민,66
1109,라일,66
1109,승효,66
1109,아원,66
1109,예하,66
1109,유강,66
1109,찬열,66
1109,호건,66
1121,강혁,65
1121,규안,65
1121,도해,65
1121,로민,65
1121,민섭,65
1121,시찬,65
1121,영하,65
1121,용빈,65
1121,준섭,65
1121,태검,65
1132,기태,64
1132,명진,64
1132,세환,64
1132,준열,64
1132,해서,64
1141,무결,63
1141,설우,63
1141,승율,63
1141,연성,63
1141,예환,63
1141,유수,63
1141,윤진,63
1141,재승,63
1141,진형,63
1141,창현,63
1141,태수,63
1141,하론,63
1156,리운,62
1156,상연,62
1156,새하,62
1156,유태,62
1156,지상,62
1156,진웅,62
1156,휘찬,62
1166,경원,61
1166,규온,61
1166,기훈,61
1166,석훈,61
1166,소원,61
1166,윤승,61
1166,이혁,61
1166,효민,61
1176,민권,60
1176,성욱,60
1176,수윤,60
1176,율호,60
1176,은강,60
1176,이빈,60
1176,재언,60
1176,종원,60
1176,현이,60
1188,기찬,59
1188,민오,59
1188,은택,59
1188,제원,59
1188,종훈,59
1188,주율,59
1188,진규,59
1188,태일,59
1188,휘영,59
1188,희승,59
1198,다울,58
1198,대연,58
1198,동환,58
1198,루현,58
1198,상빈,58
1198,서혁,58
1198,여운,58
1198,은서,58
1198,해안,58
1198,혁진,58
1198,희담,58
1210,건웅,57
1210,나율,57
1210,범수,57
1210,석민,57
1210,설민,57
1210,설호,57
1210,승건,57
1210,시엘,57
1210,유일,57
1219,강이,56
1219,규성,56
1219,규영,56
1219,루민,56
1219,산이,56
1219,서형,56
1219,선규,56
1219,우형,56
1219,유연,56
1219,은빈,56
1219,은섭,56
1219,제오,56
1219,차현,56
1234,강찬,55
1234,바름,55
1234,서강,55
1234,순우,55
1234,용민,55
1234,율하,55
1234,재휘,55
1234,주연,55
1234,태균,55
1234,현태,55
1234,호재,55
1234,효빈,55
1247,다한,54
1247,도결,54
1247,동진,54
1247,서욱,54
1247,연서,54
1247,일우,54
1247,찬별,54
1247,찬웅,54
1247,찬형,54
1247,호민,54
1247,희서,54
1259,건률,53
1259,기쁨,53
1259,동재,53
1259,민환,53
1259,율찬,53
1259,지강,53
1259,지언,53
1259,찬하,53
1259,한음,53
1259,효찬,53
1269,나겸,52
1269,라건,52
1269,민강,52
1269,세헌,52
1269,수아,52
1269,수완,52
1269,아윤,52
1269,영인,52
1269,영호,52
1269,유우,52
1269,윤형,52
1269,이완,52
1269,재안,52
1269,준연,52
1269,치우,52
1269,해건,52
1286,소하,51
1286,예율,51
1286,원석,51
1286,원진,51
1286,찬원,51
1286,찬윤,51
1286,태안,51
1286,하오,51
1286,현종,51
1286,호찬,51
1301,기율,50
1301,로겸,50
1301,세운,50
1301,인찬,50
1301,주용,50
1301,지서,50
1310,근후,49
1310,나무,49
1310,동근,49
1310,라훈,49
1310,래현,49
1310,보담,49
1310,상욱,49
1310,상후,49
1310,윤규,49
1310,이섭,49
1310,주노,49
1310,준안,49
1310,찬휘,49
1310,하일,49
1326,강운,48
1326,다하,48
1326,동영,48
1326,래호,48
1326,승겸,48
1326,용찬,48
1326,재완,48
1326,제온,48
1335,무열,47
1335,민균,47
1335,병찬,47
1335,세오,47
1335,승제,47
1335,우식,47
1335,원후,47
1335,윤환,47
1335,은하,47
1335,이록,47
1335,이영,47
1335,정헌,47
1335,준율,47
1335,중현,47
1335,지범,47
1335,한선,47
1335,해승,47
1356,가민,46
1356,경윤,46
1356,다성,46
1356,담현,46
1356,두리,46
1356,서웅,46
1356,세웅,46
1356,세혁,46
1356,시울,46
1356,신율,46
1356,윤범,46
1356,이운,46
1356,진석,46
1371,규태,45
1371,단이,45
1371,도규,45
1371,새록,45
1371,송현,45
1371,은산,45
1371,장현,45
1371,해봄,45
1371,효섭,45
1371,흥민,45
1386,강하,44
1386,건욱,44
1386,나온,44
1386,두현,44
1386,무경,44
1386,보윤,44
1386,상호,44
1386,새결,44
1386,성온,44
1386,윤태,44
1386,은제,44
1386,정온,44
1386,진모,44
1386,진환,44
1386,찬규,44
1386,푸른,44
1386,해이,44
1386,현겸,44
1408,경현,43
1408,경환,43
1408,교빈,43
1408,도열,43
1408,래윤,43
1408,리훈,43
1408,서범,43
1408,세호,43
1408,승욱,43
1408,용훈,43
1408,유영,43
1408,현기,43
1421,다안,42
1421,보성,42
1421,새힘,42
1421,성혁,42
1421,세담,42
1421,세이,42
1421,이신,42
1421,장원,42
1421,재익,42
1421,채범,42
1421,태언,42
1433,성규,41
1433,승휘,41
1433,예일,41
1433,유범,41
1433,유석,41
1433,인규,41
1433,정수,41
1433,호랑,41
1433,환이,41
1447,경태,40
1447,광현,40
1447,대경,40
1447,라울,40
1447,로담,40
1447,로휘,40
1447,석우,40
1447,석진,40
1447,선욱,40
1447,제준,40
1447,제호,40
1447,찬후,40
1447,형진,40
1447,휘건,40
1466,규범,39
1466,기원,39
1466,라빈,39
1466,민채,39
1466,예범,39
1466,우수,39
1466,우승,39
1466,유비,39
1466,윤모,39
1466,윤이,39
1466,이태,39
1466,종호,39
1466,준식,39
1466,찬성,39
1466,태승,39
1466,하륜,39
1466,하연,39
1466,휘민,39
1466,힘찬,39
1492,규찬,38
1492,규한,38
1492,근율,38
1492,기우,38
1492,다빛,38
1492,도재,38
1492,동아,38
1492,동헌,38
1492,로울,38
1492,무준,38
1492,민교,38
1492,범찬,38
1492,시경,38
1492,윤한,38
1492,준표,38
1492,채성,38
1492,하을,38
1492,현제,38
1492,현찬,38
1492,현후,38
1492,혜찬,38
1492,휘온,38
1516,다오,37
1516,동운,37
1516,본우,37
1516,시웅,37
1516,영도,37
1516,영운,37
1516,정국,37
1516,진리,37
1526,교준,36
1526,도권,36
1526,도욱,36
1526,동균,36
1526,병윤,36
1526,솔찬,36
1526,오현,36
1526,우신,36
1526,원혁,36
1526,윤섭,36
1526,의겸,36
1526,지효,36
1526,해영,36
1544,경수,35
1544,라한,35
1544,류하,35
1544,모아,35
1544,민근,35
1544,범규,35
1544,솔빈,35
1544,시열,35
1544,원규,35
1544,원하,35
1544,주엘,35
1544,준명,35
1544,차빈,35
1544,채헌,35
1564,가원,34
1564,가율,34
1564,강연,34
1564,경우,34
1564,담이,34
1564,민철,34
1564,예권,34
1564,예서,34
1564,유상,34
1564,은률,34
1564,은태,34
1564,인율,34
1564,재열,34
1564,제연,34
1564,조운,34
1564,주민,34
1564,주승,34
1564,준엽,34
1564,진헌,34
1564,채혁,34
1564,형민,34
1564,호담,34
1593,경모,33
1593,경서,33
1593,단오,33
1593,민용,33
1593,병호,33
1593,상헌,33
1593,성제,33
1593,순호,33
1593,영윤,33
1593,의연,33
1593,재찬,33
1593,종빈,33
1593,종후,33
1593,준승,33
1593,준완,33
1593,채록,33
1593,치호,33
1593,태선,33
1593,태섭,33
1593,희강,33
1617,강휘,32
1617,경찬,32
1617,다우,32
1617,루건,32
1617,루리,32
1617,리찬,32
1617,본준,32
1617,부겸,32
1617,석빈,32
1617,소율,32
1617,수원,32
1617,영수,32
1617,영환,32
1617,인수,32
1617,제영,32
1617,조한,32
1617,준선,32
1617,현식,32
1617,휘성,32
1645,규환,31
1645,도근,31
1645,동찬,31
1645,민구,31
1645,범석,31
1645,병우,31
1645,수훈,31
1645,유단,31
1645,준의,31
1645,진한,31
1645,채한,31
1645,치윤,31
1645,한승,31
1645,혜강,31
1645,희운,31
1664,건형,30
1664,기백,30
1664,바른,30
1664,유권,30
1664,유혁,30
1664,윤영,30
1664,윤채,30
1664,은도,30
1664,의선,30
1664,이래,30
1664,종인,30
1664,진온,30
1664,차준,30
1664,찬현,30
1664,채안,30
1664,태석,30
1664,형석,30
1687,권후,29
1687,담윤,29
1687,라언,29
1687,라익,29
1687,래이,29
1687,로진,29
1687,루겸,29
1687,리언,29
1687,무영,29
1687,서중,29
1687,성수,29
1687,성한,29
1687,세아,29
1687,소명,29
1687,승엽,29
1687,승태,29
1687,아랑,29
1687,연규,29
1687,연찬,29
1687,예섭,29
1687,오윤,29
1687,유오,29
1687,윤조,29
1687,제인,29
1687,지노,29
1687,찬용,29
1687,태평,29
1687,하록,29
1687,해빈,29
1687,혜민,29
1687,호열,29
1687,화평,29
1687,희겸,29
1725,강모,28
1725,남현,28
1725,다름,28
1725,래인,28
1725,병훈,28
1725,보석,28
1725,석원,28
1725,소민,28
1725,수연,28
1725,수헌,28
1725,연승,28
1725,연제,28
1725,예빈,28
1725,용후,28
1725,우건,28
1725,유이,28
1725,이소,28
1725,이후,28
1725,진용,28
1725,차율,28
1725,창우,28
1725,하봄,28
1725,효승,28
1752,기영,27
1752,나오,27
1752,다헌,27
1752,래하,27
1752,로언,27
1752,린우,27
1752,민중,27
1752,보결,27
1752,석호,27
1752,선진,27
1752,소우,27
1752,우섭,27
1752,은별,27
1752,재담,27
1752,재중,27
1752,주열,27
1752,준일,27
1752,준헌,27
1752,지명,27
1752,진운,27
1752,찬범,27
1752,찬욱,27
1752,태곤,27
1752,해우,27
1752,해환,27
1752,효담,27
1752,훈민,27
1788,가현,26
1788,건준,26
1788,경록,26
1788,규준,26
1788,담후,26
1788,도온,26
1788,두준,26
1788,라오,26
1788,로움,26
1788,리담,26
1788,백준,26
1788,병현,26
1788,소담,26
1788,열음,26
1788,예운,26
1788,온결,26
1788,용호,26
1788,운찬,26
1788,윤원,26
1788,은범,26
1788,은조,26
1788,은한,26
1788,의담,26
1788,이성,26
1788,익준,26
1788,재강,26
1788,정완,26
1788,조안,26
1788,준태,26
1788,차온,26
1788,태근,26
1788,현택,26
1788,혜안,26
1827,건혁,25
1827,광민,25
1827,기안,25
1827,도찬,25
1827,민상,25
1827,부건,25
1827,새별,25
1827,선제,25
1827,성안,25
1827,세강,25
1827,소준,25
1827,솔우,25
1827,연진,25
1827,우태,25
1827,원겸,25
1827,원찬,25
1827,윤강,25
1827,은원,25
1827,인겸,25
1827,치현,25
1827,태관,25
1827,한민,25
1827,호경,25
1827,호율,25
1827,희범,25
1827,희상,25
1863,강건,24
1863,경진,24
1863,규서,24
1863,대환,24
1863,루인,24
1863,명우,24
1863,민범,24
1863,산아,24
1863,성용,24
1863,세건,24
1863,세형,24
1863,소호,24
1863,온서,24
1863,운호,24
1863,은담,24
1863,은표,24
1863,재건,24
1863,제후,24
1863,조하,24
1863,종서,24
1863,주선,24
1863,찬준,24
1863,채담,24
1863,휘연,24
1863,희태,24
1900,강률,23
1900,경율,23
1900,고운,23
1900,구름,23
1900,기담,23
1900,기호,23
1900,기환,23
1900,단태,23
1900,대웅,23
1900,동국,23
1900,모하,23
1900,무건,23
1900,반석,23
1900,예인,23
1900,우택,23
1900,윤철,23
1900,율빈,23
1900,의윤,23
1900,의재,23
1900,정음,23
1900,준언,23
1900,지울,23
1900,진구,23
1900,진명,23
1900,채건,23
1900,채온,23
1900,하도,23
1900,하신,23
1900,하우,23
1900,현범,23
1900,현채,23
1900,휘겸,23
1900,휘인,23
1900,희제,23
1939,견우,22
1939,경률,22
1939,나결,22
1939,남율,22
1939,다혁,22
1939,동수,22
1939,라겸,22
1939,리헌,22
1939,무현,22
1939,서균,22
1939,성휘,22
1939,소운,22
1939,송민,22
1939,슬기,22
1939,아신,22
1939,오늘,22
1939,온하,22
1939,유리,22
1939,윤종,22
1939,윤현,22
1939,율이,22
1939,은탁,22
1939,의성,22
1939,인재,22
1939,장호,22
1939,재의,22
1939,종율,22
1939,태의,22
1939,한규,22
1939,한봄,22
1939,한설,22
1939,해운,22
1939,현담,22
1939,형서,22
1939,혜담,22
1939,환준,22
1939,효건,22
1939,효진,22
1939,휘율,22
1989,교진,21
1989,규혁,21
1989,다휘,21
1989,대율,21
1989,대헌,21
1989,동인,21
1989,리진,21
1989,모든,21
1989,무성,21
1989,문성,21
1989,미노,21
1989,민식,21
1989,민진,21
1989,민한,21
1989,보경,21
1989,보근,21
1989,상엽,21
1989,상이,21
1989,서건,21
1989,서영,21
1989,세경,21
1989,슬호,21
1989,승채,21
1989,영석,21
1989,온리,21
1989,윤휘,21
1989,재상,21
1989,정석,21
1989,조아,21
1989,지인,21
1989,한샘,21
1989,형원,21
1989,효신,21
1989,휘경,21
1989,휘진,21
2034,고윤,20
2034,규도,20
2034,나일,20
2034,동언,20
2034,류안,20
2034,명호,20
2034,벼리,20
2034,보배,20
2034,보빈,20
2034,세범,20
2034,세움,20
2034,여찬,20
2034,예근,20
2034,오성,20
2034,용휘,20
2034,유록,20
2034,윤교,20
2034,윤구,20
2034,이룩,20
2034,종연,20
2034,주엽,20
2034,치훈,20
2034,태권,20
2034,태식,20
2034,하결,20
2034,한들,20
2034,한해,20
2034,현섭,20
2034,현조,20
2034,호승,20
2034,홍준,20
2034,화준,20
2034,환호,20
2072,규헌,19
2072,기연,19
2072,늘찬,19
2072,동권,19
2072,라하,19
2072,로연,19
2072,문찬,19
2072,민종,19
2072,범우,19
2072,병민,19
2072,보승,19
2072,보원,19
2072,본율,19
2072,석환,19
2072,성균,19
2072,성모,19
2072,여훈,19
2072,예도,19
2072,예윤,19
2072,온후,19
2072,유인,19
2072,윤중,19
2072,의서,19
2072,재석,19
2072,종건,19
2072,주담,19
2072,주명,19
2072,주아,19
2072,준교,19
2072,지건,19
2072,진기,19
2072,진언,19
2072,창빈,19
2072,치원,19
2072,태구,19
2072,태신,19
2072,형찬,19
2072,호산,19
2072,휘담,19
2072,휘원,19
2129,가호,18
2129,건빈,18
2129,경도,18
2129,규인,18
2129,기민,18
2129,기용,18
2129,다결,18
2129,동완,18
2129,로우,18
2129,보름,18
2129,비오,18
2129,상운,18
2129,서이,18
2129,선휘,18
2129,설빈,18
2129,세중,18
2129,솔하,18
2129,수성,18
2129,수형,18
2129,승균,18
2129,연빈,18
2129,예완,18
2129,예원,18
2129,예헌,18
2129,오율,18
2129,용성,18
2129,우상,18
2129,우서,18
2129,운율,18
2129,원중,18
2129,율건,18
2129,율민,18
2129,으뜸,18
2129,은열,18
2129,은현,18
2129,일한,18
2129,정서,18
2129,찬오,18
2129,채움,18
2129,한검,18
2129,한비,18
2129,현근,18
2129,형빈,18
2129,홍기,18
2186,교현,17
2186,규언,17
2186,기웅,17
2186,노율,17
2186,대우,17
2186,동한,17
2186,명재,17
2186,무율,17
2186,새봄,17
2186,성태,17
2186,성헌,17
2186,승모,17
2186,승일,17
2186,승표,17
2186,아란,17
2186,예중,17
2186,용수,17
2186,용운,17
2186,원기,17
2186,원형,17
2186,유운,17
2186,윤학,17
2186,은휼,17
2186,의건,17
2186,인영,17
2186,재선,17
2186,정범,17
2186,제경,17
2186,준학,17
2186,진건,17
2186,찬결,17
2186,천우,17
2186,한진,17
2186,한호,17
2186,해겸,17
2186,환서,17
2186,휘도,17
2186,휘승,17
2186,희현,17
2233,건일,16
2233,결이,16
2233,경한,16
2233,규선,16
2233,남혁,16
2233,대운,16
2233,로헌,16
2233,류진,16
2233,류현,16
2233,명훈,16
2233,병헌,16
2233,샛별,16
2233,석윤,16
2233,선겸,16
2233,선혁,16
2233,세겸,16
2233,세용,16
2233,송우,16
2233,수우,16
2233,여온,16
2233,예랑,16
2233,우열,16
2233,우용,16
2233,우윤,16
2233,원서,16
2233,원이,16
2233,은철,16
2233,은환,16
2233,이규,16
2233,이튼,16
2233,인범,16
2233,자윤,16
2233,정엽,16
2233,정의,16
2233,정찬,16
2233,주상,16
2233,채겸,16
2233,채진,16
2233,혜온,16
2233,호석,16
2233,희웅,16
2285,견후,15
2285,구현,15
2285,나호,15
2285,담원,15
2285,두호,15
2285,보건,15
2285,빛찬,15
2285,서경,15
2285,설준,15
2285,성결,15
2285,세욱,15
2285,수온,15
2285,신욱,15
2285,여원,15
2285,예종,15
2285,온기,15
2285,온찬,15
2285,우종,15
2285,윤별,15
2285,윤산,15
2285,윤식,15
2285,은민,15
2285,은효,15
2285,의영,15
2285,인오,15
2285,정담,15
2285,정모,15
2285,정언,15
2285,종석,15
2285,종휘,15
2285,지엘,15
2285,채이,15
2285,태을,15
2285,택연,15
2285,한경,15
2285,혁찬,15
2285,호겸,15
2285,호태,15
2285,홍민,15
2285,희진,15
2339,가윤,14
2339,가헌,14
2339,강욱,14
2339,건도,14
2339,광호,14
2339,구윤,14
2339,나훈,14
2339,도웅,14
2339,동겸,14
2339,명찬,14
2339,민선,14
2339,세완,14
2339,송준,14
2339,수이,14
2339,승권,14
2339,승조,14
2339,시목,14
2339,여민,14
2339,영건,14
2339,영태,14
2339,온겸,14
2339,온준,14
2339,원민,14
2339,유철,14
2339,윤택,14
2339,이범,14
2339,이설,14
2339,자민,14
2339,장혁,14
2339,재명,14
2339,종범,14
2339,종헌,14
2339,지겸,14
2339,찬울,14
2339,창욱,14
2339,채후,14
2339,태상,14
2339,혁민,14
2339,혁우,14
2339,혜인,14
2339,호세,14
2339,호인,14
2339,효우,14
2339,효인,14
2339,휘오,14
2339,희랑,14
2401,건용,13
2401,겨운,13
2401,겸재,13
2401,경문,13
2401,광수,13
2401,근원,13
2401,기하,13
2401,기혁,13
2401,남규,13
2401,남윤,13
2401,노윤,13
2401,다비,13
2401,다완,13
2401,단호,13
2401,동경,13
2401,라헌,13
2401,명현,13
2401,문규,13
2401,민률,13
2401,부경,13
2401,설후,13
2401,수용,13
2401,수진,13
2401,시용,13
2401,아얀,13
2401,연율,13
2401,용원,13
2401,은중,13
2401,자운,13
2401,자인,13
2401,정명,13
2401,조윤,13
2401,종찬,13
2401,주경,13
2401,중원,13
2401,중혁,13
2401,지영,13
2401,진휘,13
2401,찬의,13
2401,창수,13
2401,채도,13
2401,채승,13
2401,채웅,13
2401,충현,13
2401,태령,13
2401,태백,13
2401,택현,13
2401,학준,13
2401,현건,13
2401,현교,13
2401,현용,13
2401,현일,13
2401,호용,13
2401,휘강,13
2401,휘수,13
2401,휘안,13
2401,휘현,13
2401,희섭,13
2479,건규,12
2479,건윤,12
2479,건태,12
2479,건훈,12
2479,권률,12
2479,나혁,12
2479,나현,12
2479,다형,12
2479,단휘,12
2479,대인,12
2479,덕현,12
2479,동률,12
2479,동명,12
2479,로온,12
2479,루찬,12
2479,류원,12
2479,리재,12
2479,맑음,12
2479,무찬,12
2479,무혁,12
2479,백겸,12
2479,상범,12
2479,새담,12
2479,새한,12
2479,서아,12
2479,서일,12
2479,석영,12
2479,성범,12
2479,성아,12
2479,세상,12
2479,세휘,12
2479,소훈,12
2479,승철,12
2479,아혁,12
2479,영록,12
2479,영율,12
2479,예닮,12
2479,예우,12
2479,용기,12
2479,원오,12
2479,원제,12
2479,유래,12
2479,윤헌,12
2479,의빈,12
2479,이반,12
2479,정규,12
2479,제헌,12
2479,중기,12
2479,중호,12
2479,지모,12
2479,진섭,12
2479,찬아,12
2479,채강,12
2479,태찬,12
2479,하용,12
2479,한웅,12
2479,해규,12
2479,해도,12
2479,행복,12
2479,현구,12
2479,현철,12
2479,형규,12
2479,호서,12
2479,호아,12
2479,희엘,12
2565,가운,11
2565,겸우,11
2565,경욱,11
2565,경택,11
2565,경후,11
2565,공명,11
2565,관후,11
2565,광휘,11
2565,교하,11
2565,권빈,11
2565,규형,11
2565,근영,11
2565,근형,11
2565,기성,11
2565,나원,11
2565,나한,11
2565,남기,11
2565,너울,11
2565,다언,11
2565,담준,11
2565,대용,11
2565,대준,11
2565,대휘,11
2565,도검,11
2565,래안,11
2565,려운,11
2565,려준,11
2565,로환,11
2565,루기,11
2565,루환,11
2565,명환,11
2565,모현,11
2565,무휼,11
2565,민웅,11
2565,보우,11
2565,상언,11
2565,상태,11
2565,새론,11
2565,서연,11
2565,서재,11
2565,선한,11
2565,성겸,11
2565,성근,11
2565,성언,11
2565,세빛,11
2565,송하,11
2565,수언,11
2565,승택,11
2565,신혁,11
2565,연욱,11
2565,연하,11
2565,연훈,11
2565,영헌,11
2565,용범,11
2565,용석,11
2565,우중,11
2565,원일,11
2565,원태,11
2565,유결,11
2565,율우,11
2565,은교,11
2565,은식,11
2565,의민,11
2565,이을,11
2565,인욱,11
2565,인환,11
2565,재백,11
2565,정무,11
2565,정오,11
2565,제환,11
2565,종환,11
2565,주휘,11
2565,진효,11
2565,찬연,11
2565,창준,11
2565,축복,11
2565,하석,11
2565,하중,11
2565,해범,11
2565,해슬,11
2565,현명,11
2565,형식,11
2565,화율,11
2565,효제,11
2666,강일,10
2666,경담,10
2666,관호,10
2666,기서,10
2666,나민,10
2666,단영,10
2666,동관,10
2666,두산,10
2666,두영,10
2666,두원,10
2666,록담,10
2666,류호,10
2666,리노,10
2666,명서,10
2666,명수,10
2666,문겸,10
2666,문빈,10
2666,민창,10
2666,범모,10
2666,병건,10
2666,병서,10
2666,보율,10
2666,본하,10
2666,새찬,10
2666,새해,10
2666,서도,10
2666,서용,10
2666,석찬,10
2666,선구,10
2666,선균,10
2666,성경,10
2666,성일,10
2666,소월,10
2666,승용,10
2666,신의,10
2666,심온,10
2666,아렌,10
2666,아리,10
2666,영기,10
2666,영채,10
2666,온조,10
2666,우호,10
2666,유월,10
2666,윤검,10
2666,윤설,10
2666,율환,10
2666,은형,10
2666,의율,10
2666,익현,10
2666,인기,10
2666,장훈,10
2666,정건,10
2666,정웅,10
2666,정태,10
2666,정효,10
2666,정휘,10
2666,종한,10
2666,주신,10
2666,준구,10
2666,준택,10
2666,준효,10
2666,차훈,10
2666,찬경,10
2666,찬수,10
2666,찬일,10
2666,창윤,10
2666,채욱,10
2666,치율,10
2666,하훈,10
2666,혁빈,10
2666,현선,10
2666,호균,10
2666,호운,10
2666,호제,10
2666,화음,10
2666,화진,10
2666,효상,10
2666,효석,10
2666,희산,10
2666,희영,10
2783,가준,9
2783,강석,9
2783,강재,9
2783,강해,9
2783,건찬,9
2783,경재,9
2783,경탁,9
2783,교윤,9
2783,권호,9
2783,균하,9
2783,기언,9
2783,기온,9
2783,나운,9
2783,대범,9
2783,동선,9
2783,동엽,9
2783,라얀,9
2783,라움,9
2783,래건,9
2783,래준,9
2783,루진,9
2783,명석,9
2783,문수,9
2783,민설,9
2783,민윤,9
2783,민조,9
2783,민태,9
2783,민훈,9
2783,병재,9
2783,보권,9
2783,산율,9
2783,산휘,9
2783,상수,9
2783,선모,9
2783,설현,9
2783,성엽,9
2783,소빈,9
2783,슬빈,9
2783,시민,9
2783,신이,9
2783,영오,9
2783,예석,9
2783,온음,9
2783,온재,9
2783,우기,9
2783,유헌,9
2783,윤권,9
2783,이노,9
2783,인한,9
2783,재일,9
2783,주인,9
2783,준건,9
2783,준제,9
2783,진겸,9
2783,진이,9
2783,진표,9
2783,진훈,9
2783,찬들,9
2783,찬석,9
2783,찬진,9
2783,창호,9
2783,채언,9
2783,하별,9
2783,하비,9
2783,한얼,9
2783,한올,9
2783,해듬,9
2783,혜상,9
2783,혜율,9
2783,호범,9
2783,호선,9
2783,후민,9
2783,휘우,9
2783,휘운,9
2896,강오,8
2896,강원,8
2896,건온,8
2896,결우,8
2896,경석,8
2896,관영,8
2896,교민,8
2896,규보,8
2896,규완,8
2896,나진,8
2896,남훈,8
2896,노하,8
2896,다경,8
2896,담온,8
2896,대진,8
2896,도선,8
2896,동기,8
2896,라휘,8
2896,래한,8
2896,로의,8
2896,류민,8
2896,리도,8
2896,명건,8
2896,명민,8
2896,명빈,8
2896,명원,8
2896,보준,8
2896,보하,8
2896,사빈,8
2896,사율,8
2896,산우,8
2896,상하,8
2896,서해,8
2896,선용,8
2896,선현,8
2896,성인,8
2896,세랑,8
2896,소을,8
2896,솔현,8
2896,송빈,8
2896,송윤,8
2896,순후,8
2896,슬온,8
2896,승구,8
2896,승명,8
2896,시월,8
2896,신재,8
2896,아승,8
2896,영권,8
2896,영욱,8
2896,영조,8
2896,영한,8
2896,온담,8
2896,온별,8
2896,운우,8
2896,운하,8
2896,원경,8
2896,원담,8
2896,유세,8
2896,유훈,8
2896,율원,8
2896,율한,8
2896,은건,8
2896,은종,8
2896,이던,8
2896,이령,8
2896,이본,8
2896,이봄,8
2896,인웅,8
2896,인태,8
2896,일현,8
2896,재국,8
2896,재효,8
2896,정도,8
2896,정섭,8
2896,제범,8
2896,제빈,8
2896,종수,8
2896,종오,8
2896,주협,8
2896,준찬,8
2896,중헌,8
2896,지백,8
2896,지휼,8
2896,진태,8
2896,찬기,8
2896,찬송,8
2896,창훈,8
2896,채영,8
2896,천수,8
2896,태광,8
2896,태론,8
2896,택준,8
2896,하디,8
2896,하름,8
2896,하웅,8
2896,한세,8
2896,한수,8
2896,해언,8
2896,행운,8
2896,현균,8
2896,현상,8
2896,현영,8
2896,현윤,8
2896,형윤,8
2896,혜윰,8
2896,호안,8
2896,홍찬,8
2896,효범,8
2896,희언,8
3049,강담,7
3049,강리,7
3049,강태,7
3049,강헌,7
3049,건국,7
3049,건무,7
3049,경표,7
3049,고결,7
3049,구빈,7
3049,근오,7
3049,기상,7
3049,기석,7
3049,나헌,7
3049,남호,7
3049,다봄,7
3049,다흰,7
3049,다힘,7
3049,담인,7
3049,대엽,7
3049,도제,7
3049,도협,7
3049,동오,7
3049,동형,7
3049,두진,7
3049,라혁,7
3049,려원,7
3049,로서,7
3049,류건,7
3049,류한,7
3049,무한,7
3049,미래,7
3049,민도,7
3049,민휘,7
3049,백경,7
3049,백찬,7
3049,백하,7
3049,범기,7
3049,병욱,7
3049,새이,7
3049,선중,7
3049,성공,7
3049,성국,7
3049,성문,7
3049,성완,7
3049,성택,7
3049,소안,7
3049,소윤,7
3049,수종,7
3049,승인,7
3049,시문,7
3049,아겸,7
3049,안율,7
3049,언우,7
3049,언준,7
3049,연휘,7
3049,영승,7
3049,영제,7
3049,예후,7
3049,용대,7
3049,용제,7
3049,웅찬,7
3049,원상,7
3049,유택,7
3049,윤익,7
3049,윤일,7
3049,율현,7
3049,은엽,7
3049,은채,7
3049,이곤,7
3049,이권,7
3049,자현,7
3049,재균,7
3049,제웅,7
3049,제형,7
3049,주석,7
3049,주운,7
3049,주이,7
3049,주진,7
3049,준결,7
3049,준별,7
3049,준보,7
3049,준익,7
3049,준협,7
3049,중윤,7
3049,찬중,7
3049,창환,7
3049,태금,7
3049,태기,7
3049,태중,7
3049,태효,7
3049,택윤,7
3049,택진,7
3049,하백,7
3049,하빛,7
3049,하섭,7
3049,하얀,7
3049,학윤,7
3049,한산,7
3049,헌율,7
3049,헌준,7
3049,현보,7
3049,혜랑,7
3049,호령,7
3049,호신,7
3049,홍빈,7
3049,홍윤,7
3049,홍재,7
3049,효경,7
3049,효서,7
3049,효영,7
3217,강륜,6
3217,강서,6
3217,강수,6
3217,경일,6
3217,경하,6
3217,경헌,6
3217,고원,6
3217,관율,6
3217,광훈,6
3217,구원,6
3217,구준,6
3217,국현,6
3217,근서,6
3217,기승,6
3217,기완,6
3217,나윤,6
3217,노이,6
3217,다승,6
3217,다진,6
3217,다후,6
3217,대중,6
3217,대형,6
3217,도범,6
3217,두환,6
3217,라민,6
3217,래혁,6
3217,래환,6
3217,래훈,6
3217,로영,6
3217,로익,6
3217,루담,6
3217,룩하,6
3217,류온,6
3217,리영,6
3217,무원,6
3217,문경,6
3217,문영,6
3217,바하,6
3217,백결,6
3217,백산,6
3217,범도,6
3217,병율,6
3217,보금,6
3217,사윤,6
3217,사준,6
3217,상기,6
3217,새일,6
3217,서단,6
3217,선형,6
3217,설원,6
3217,성권,6
3217,성록,6
3217,성오,6
3217,성웅,6
3217,성표,6
3217,수범,6
3217,순율,6
3217,순혁,6
3217,승배,6
3217,시효,6
3217,아오,6
3217,영선,6
3217,영휘,6
3217,오준,6
3217,온빛,6
3217,용건,6
3217,우탁,6
3217,운혁,6
3217,웅비,6
3217,웅빈,6
3217,원종,6
3217,유중,6
3217,유휘,6
3217,윤보,6
3217,윤선,6
3217,윤의,6
3217,윤창,6
3217,율겸,6
3217,율서,6
3217,은송,6
3217,은휘,6
3217,이론,6
3217,이오,6
3217,이택,6
3217,인건,6
3217,인경,6
3217,인선,6
3217,자온,6
3217,자헌,6
3217,자훈,6
3217,장민,6
3217,장준,6
3217,재신,6
3217,준온,6
3217,중빈,6
3217,중한,6
3217,지학,6
3217,진안,6
3217,진윤,6
3217,차혁,6
3217,찬승,6
3217,창인,6
3217,창혁,6
3217,태래,6
3217,하령,6
3217,하명,6
3217,하산,6
3217,하세,6
3217,한범,6
3217,한재,6
3217,한중,6
3217,해별,6
3217,해웅,6
3217,헌재,6
3217,호중,6
3217,화인,6
3217,효윤,6
3217,희용,6
3405,가이,5
3405,강록,5
3405,건원,5
3405,건학,5
3405,겸서,5
3405,경완,5
3405,경운,5
3405,경인,5
3405,계인,5
3405,광우,5
3405,교원,5
3405,권민,5
3405,권서,5
3405,권준,5
3405,규오,5
3405,근하,5
3405,금찬,5
3405,금호,5
3405,기륜,5
3405,기문,5
3405,기운,5
3405,기진,5
3405,기택,5
3405,기후,5
3405,나권,5
3405,나빈,5
3405,나언,5
3405,나얼,5
3405,나음,5
3405,낙현,5
3405,남휘,5
3405,다검,5
3405,담휘,5
3405,대권,5
3405,대오,5
3405,대일,5
3405,대하,5
3405,대협,5
3405,도명,5
3405,도의,5
3405,동백,5
3405,동이,5
3405,동일,5
3405,라인,5
3405,래언,5
3405,려한,5
3405,로결,5
3405,리을,5
3405,만세,5
3405,명후,5
3405,문기,5
3405,민관,5
3405,민세,5
3405,민효,5
3405,백건,5
3405,범현,5
3405,병수,5
3405,보리,5
3405,본결,5
3405,부민,5
3405,비담,5
3405,사현,5
3405,상건,5
3405,상명,5
3405,상영,5
3405,상인,5
3405,상일,5
3405,상휘,5
3405,새인,5
3405,서종,5
3405,서휼,5
3405,선이,5
3405,성건,5
3405,성광,5
3405,성무,5
3405,성영,5
3405,소찬,5
3405,송원,5
3405,송율,5
3405,수율,5
3405,슬민,5
3405,슬옹,5
3405,승곤,5
3405,승교,5
3405,승목,5
3405,승학,5
3405,시겸,5
3405,시명,5
3405,신영,5
3405,아록,5
3405,아섭,5
3405,아언,5
3405,아한,5
3405,안준,5
3405,여명,5
3405,연담,5
3405,연중,5
3405,영랑,5
3405,영탁,5
3405,영택,5
3405,예신,5
3405,예형,5
3405,용인,5
3405,용환,5
3405,우강,5
3405,우엽,5
3405,위준,5
3405,유송,5
3405,윤세,5
3405,윤해,5
3405,율리,5
3405,은세,5
3405,은진,5
3405,의리,5
3405,의인,5
3405,이교,5
3405,이들,5
3405,이롭,5
3405,이석,5
3405,인결,5
3405,인구,5
3405,인택,5
3405,정겸,5
3405,정록,5
3405,정상,5
3405,제승,5
3405,종명,5
3405,중우,5
3405,지준,5
3405,진엽,5
3405,찬구,5
3405,찬엽,5
3405,찬인,5
3405,찬훈,5
3405,창진,5
3405,채형,5
3405,태결,5
3405,태슬,5
3405,하송,5
3405,한송,5
3405,해송,5
3405,해음,5
3405,해현,5
3405,햇살,5
3405,헌우,5
3405,현경,5
3405,현원,5
3405,혜건,5
3405,호형,5
3405,화담,5
3405,효안,5
3405,후윤,5
3405,희문,5
3405,희중,5
3622,가론,4
3622,가일,4
3622,강별,4
3622,강진,4
3622,건수,4
3622,건음,4
3622,건한,4
3622,결의,4
3622,경범,4
3622,경안,4
3622,경용,4
3622,고현,4
3622,고호,4
3622,광윤,4
3622,광준,4
3622,구영,4
3622,구온,4
3622,권영,4
3622,규대,4
3622,규랑,4
3622,규상,4
3622,규석,4
3622,규종,4
3622,균서,4
3622,근수,4
3622,근혁,4
3622,근휘,4
3622,기명,4
3622,기수,4
3622,기헌,4
3622,길현,4
3622,나후,4
3622,다범,4
3622,다솜,4
3622,다슬,4
3622,담하,4
3622,대균,4
3622,대산,4
3622,대수,4
3622,대안,4
3622,대온,4
3622,덕윤,4
3622,도래,4
3622,동석,4
3622,동섭,4
3622,동채,4
3622,두온,4
3622,두한,4
3622,로경,4
3622,류이,4
3622,륜우,4
3622,리겸,4
3622,모원,4
3622,문결,4
3622,문교,4
3622,문도,4
3622,문석,4
3622,문준,4
3622,문호,4
3622,미준,4
3622,민검,4
3622,민곤,4
3622,민산,4
3622,민슬,4
3622,민안,4
3622,반우,4
3622,범한,4
3622,범후,4
3622,병권,4
3622,병진,4
3622,보국,4
3622,보명,4
3622,본서,4
3622,본영,4
3622,본혁,4
3622,봄찬,4
3622,비안,4
3622,산해,4
3622,상경,4
3622,상록,4
3622,상온,4
3622,상협,4
3622,새율,4
3622,새준,4
3622,새현,4
3622,서권,4
3622,선강,4
3622,선결,4
3622,선교,4
3622,선윤,4
3622,선의,4
3622,선해,4
3622,성도,4
3622,성조,4
3622,세안,4
3622,세언,4
3622,세울,4
3622,소진,4
3622,솔이,4
3622,수일,4
3622,순민,4
3622,순일,4
3622,순찬,4
3622,슬하,4
3622,슬현,4
3622,승담,4
3622,승록,4
3622,승백,4
3622,승서,4
3622,승영,4
3622,승형,4
3622,승휴,4
3622,시강,4
3622,시담,4
3622,신오,4
3622,신준,4
3622,아름,4
3622,양우,4
3622,여해,4
3622,연도,4
3622,연모,4
3622,연의,4
3622,영범,4
3622,영산,4
3622,영신,4
3622,영온,4
3622,예균,4
3622,예본,4
3622,예선,4
3622,예진,4
3622,오빈,4
3622,오영,4
3622,온세,4
3622,용권,4
3622,우노,4
3622,우단,4
3622,우선,4
3622,우슬,4
3622,우온,4
3622,우일,4
3622,원건,4
3622,원률,4
3622,원섭,4
3622,원욱,4
3622,원택,4
3622,원효,4
3622,유곤,4
3622,유대,4
3622,유봄,4
3622,윤율,4
3622,은일,4
3622,은창,4
3622,은평,4
3622,의혁,4
3622,의환,4
3622,이검,4
3622,이듬,4
3622,이상,4
3622,이솝,4
3622,이탁,4
3622,이플,4
3622,인균,4
3622,인석,4
3622,일호,4
3622,임준,4
3622,장후,4
3622,장휘,4
3622,재무,4
3622,재문,4
3622,재필,4
3622,재학,4
3622,정균,4
3622,정영,4
3622,제언,4
3622,제용,4
3622,제욱,4
3622,제운,4
3622,제익,4
3622,제일,4
3622,제진,4
3622,조영,4
3622,종선,4
3622,종운,4
3622,종진,4
3622,종태,4
3622,주학,4
3622,준렬,4
3622,준해,4
3622,지광,4
3622,지소,4
3622,지엽,4
3622,지하,4
3622,지휴,4
3622,진교,4
3622,진세,4
3622,진재,4
3622,찬섭,4
3622,찬온,4
3622,창범,4
3622,채경,4
3622,치민,4
3622,태록,4
3622,택민,4
3622,필준,4
3622,하렴,4
3622,하제,4
3622,한섭,4
3622,한오,4
3622,한온,4
3622,한용,4
3622,한혁,4
3622,해밀,4
3622,해신,4
3622,해오,4
3622,해욱,4
3622,해훈,4
3622,혁수,4
3622,현강,4
3622,현결,4
3622,현무,4
3622,현송,4
3622,형도,4
3622,형섭,4
3622,혜승,4
3622,혜우,4
3622,호종,4
3622,홍진,4
3622,환영,4
3622,회윤,4
3622,효겸,4
3622,효명,4
3622,효운,4
3622,후인,4
3622,휘랑,4
3622,휘래,4
3622,휘상,4
3622,휘호,4
3622,희권,4
3622,희보,4
3622,희빈,4
3622,희오,4
3622,희호,4
