no,hanja,reading,meaning_ko,category,confidence,source_count,sources,note
1,㜯,희,"a word to designate woman, a word of revile used to call a woman",뜻흉함(자동스캔-영문),상,0,meaning(영문) 키워드 자동 스캔,매칭 키워드: revile
2,㤞,탁,"disappointed; to fail in attaining one's purpose; to be disappointed in attaining the ambitions, to be surprised; to be amazed; to marvel, to think; to consider; to ponder; to contemplate, to expect or hope with eagerness, a credit, straightforward; faithful and upright, to reprimand; to discipline; to punish",뜻흉함(자동스캔-영문),상,0,meaning(영문) 키워드 자동 스캔,매칭 키워드: punish
3,㦥,헌,"(same as 愋) talented; intelligent; wise wisdom; knowledge, to resent; to hate, to regret",뜻흉함(자동스캔-영문),상,0,meaning(영문) 키워드 자동 스캔,매칭 키워드: resent
4,䑃,몽,"dim moon, dark; obscure, stupid; ignorant, to cheat; to hide the truth, to cover up; to hide, plump; fleshy",뜻흉함(자동스캔-영문),상,0,meaning(영문) 키워드 자동 스캔,매칭 키워드: cheat
5,䚟,대,"horns, middle of the horn, (same as 歹) bad; wicked; depraved; vicious",뜻흉함(자동스캔-영문),상,0,meaning(영문) 키워드 자동 스캔,매칭 키워드: wicked
6,䛆,주,(same as 咒) to curse; to swear,뜻흉함(자동스캔-영문),상,0,meaning(영문) 키워드 자동 스캔,매칭 키워드: curse
7,䛲,면,"(same as 謾) to deceive, to scorn; to disdain",뜻흉함(자동스캔-영문),상,0,meaning(영문) 키워드 자동 스캔,매칭 키워드: deceive
8,䜅,유,"to follow; to comply with, to refute; to rebuke; to accuse",뜻흉함(자동스캔-영문),상,0,meaning(영문) 키워드 자동 스캔,매칭 키워드: rebuke
9,仇,구,"enemy, hate, hatred, enmity",뜻흉함(자동스캔-영문),상,0,meaning(영문) 키워드 자동 스캔,매칭 키워드: hatred
10,佹,궤,depend upon; support; go against; (variant deceive),뜻흉함(자동스캔-영문),상,0,meaning(영문) 키워드 자동 스캔,매칭 키워드: deceive
11,僕,복,"slave, servant, I",뜻흉함(자동스캔-영문),상,0,meaning(영문) 키워드 자동 스캔,매칭 키워드: slave
12,刖,월,cutting off feet as form of punishment,뜻흉함(자동스캔-영문),상,0,meaning(영문) 키워드 자동 스캔,매칭 키워드: punishment
13,刦,겁,"take by force, coerce; disaster",뜻흉함(자동스캔-영문),상,0,meaning(영문) 키워드 자동 스캔,매칭 키워드: disaster
14,刧,겁,"disaster, misfortune; coerce",뜻흉함(자동스캔-영문),상,0,meaning(영문) 키워드 자동 스캔,매칭 키워드: disaster
15,剽,표,"rob, plunder; slice off; fast",뜻흉함(자동스캔-영문),상,0,meaning(영문) 키워드 자동 스캔,매칭 키워드: rob
16,劫,겁,"take by force, coerce; disaster",뜻흉함(자동스캔-영문),상,0,meaning(영문) 키워드 자동 스캔,매칭 키워드: disaster
17,勦,초,"destroy, exterminate, annihilate",뜻흉함(자동스캔-영문),상,0,meaning(영문) 키워드 자동 스캔,매칭 키워드: destroy
18,匶,구,a coffin containing a corpse,뜻흉함(자동스캔-영문),상,0,meaning(영문) 키워드 자동 스캔,매칭 키워드: corpse
19,呪,주,"curse, damn, incantation",뜻흉함(자동스캔-영문),상,0,meaning(영문) 키워드 자동 스캔,매칭 키워드: curse
20,呰,자,"to slander, revile",뜻흉함(자동스캔-영문),상,0,meaning(영문) 키워드 자동 스캔,매칭 키워드: revile
21,哄,홍,"coax; beguile, cheat, deceive",뜻흉함(자동스캔-영문),상,0,meaning(영문) 키워드 자동 스캔,매칭 키워드: deceive
22,唼,삽,speaking evil; gobbling sound made by ducks,뜻흉함(자동스캔-영문),상,0,meaning(영문) 키워드 자동 스캔,매칭 키워드: evil
23,啀,애,"gnaw; (Cant.) to shout, yell, scold",뜻흉함(자동스캔-영문),상,0,meaning(영문) 키워드 자동 스캔,매칭 키워드: scold
24,啄,탁,to peck; (Cant.) to slander,뜻흉함(자동스캔-영문),상,0,meaning(영문) 키워드 자동 스캔,매칭 키워드: slander
25,嗑,합,eat seeds; reproach; loquacious,뜻흉함(자동스캔-영문),상,0,meaning(영문) 키워드 자동 스캔,매칭 키워드: reproach
26,囮,와,"inveigle, decoy; cheat",뜻흉함(자동스캔-영문),상,0,meaning(영문) 키워드 자동 스캔,매칭 키워드: cheat
27,囹,령/영,"prison, enclosure",뜻흉함(자동스캔-영문),상,0,meaning(영문) 키워드 자동 스캔,매칭 키워드: prison
28,壓,압,press; oppress; crush; pressure,뜻흉함(자동스캔-영문),상,0,meaning(영문) 키워드 자동 스캔,매칭 키워드: oppress
29,夭,요,"young, fresh-looking; die young",뜻흉함(자동스캔-영문),상,0,meaning(영문) 키워드 자동 스캔,매칭 키워드: die
30,奪,탈,"take by force, rob, snatch",뜻흉함(자동스캔-영문),상,0,meaning(영문) 키워드 자동 스캔,매칭 키워드: rob
31,媟,설,"lust after, act indecently; lewd",뜻흉함(자동스캔-영문),상,0,meaning(영문) 키워드 자동 스캔,매칭 키워드: lewd
32,孼,얼,"misfortune; sin, evil",뜻흉함(자동스캔-영문),상,0,meaning(영문) 키워드 자동 스캔,매칭 키워드: evil
33,尅,극,"subdue, destroy, overcome",뜻흉함(자동스캔-영문),상,0,meaning(영문) 키워드 자동 스캔,매칭 키워드: destroy
34,尸,시,corpse; to impersonate the dead; to preside; Kangxi radical 44,뜻흉함(자동스캔-영문),상,0,meaning(영문) 키워드 자동 스캔,매칭 키워드: dead
35,弊,폐,"evil, wrong, bad; criminal",뜻흉함(자동스캔-영문),상,0,meaning(영문) 키워드 자동 스캔,매칭 키워드: evil
36,弒,시,to kill one's superior,뜻흉함(자동스캔-영문),상,0,meaning(영문) 키워드 자동 스캔,매칭 키워드: kill
37,徂,조,"go, advance; to; die",뜻흉함(자동스캔-영문),상,0,meaning(영문) 키워드 자동 스캔,매칭 키워드: die
38,怔,정,a disease resembling neurosis,뜻흉함(자동스캔-영문),상,0,meaning(영문) 키워드 자동 스캔,매칭 키워드: disease
39,愾,개,"anger, wrath, hatred, enmity",뜻흉함(자동스캔-영문),상,0,meaning(영문) 키워드 자동 스캔,매칭 키워드: hatred
40,慊,겸,to resent; contended; satisfied,뜻흉함(자동스캔-영문),상,0,meaning(영문) 키워드 자동 스캔,매칭 키워드: resent
41,慘,참,"sad, pitiful, wretched; cruel",뜻흉함(자동스캔-영문),상,0,meaning(영문) 키워드 자동 스캔,매칭 키워드: cruel
42,慝,특,"do evil in secret; evil, vice",뜻흉함(자동스캔-영문),상,0,meaning(영문) 키워드 자동 스캔,매칭 키워드: evil
43,憤,분,"resent, hate; indignant",뜻흉함(자동스캔-영문),상,0,meaning(영문) 키워드 자동 스캔,매칭 키워드: resent
44,懣,문,"be sick at heart, sorrowful, sad",뜻흉함(자동스캔-영문),상,0,meaning(영문) 키워드 자동 스캔,매칭 키워드: sick
45,懲,징,"punish, reprimand; warn",뜻흉함(자동스캔-영문),상,0,meaning(영문) 키워드 자동 스캔,매칭 키워드: punish
46,戡,감,"subjugate, subdue, quell; kill",뜻흉함(자동스캔-영문),상,0,meaning(영문) 키워드 자동 스캔,매칭 키워드: kill
47,戩,전,"exterminate, destroy; blessing",뜻흉함(자동스캔-영문),상,0,meaning(영문) 키워드 자동 스캔,매칭 키워드: destroy
48,拆,탁,"to break up, split apart, rip open; to destroy",뜻흉함(자동스캔-영문),상,0,meaning(영문) 키워드 자동 스캔,매칭 키워드: destroy
49,拷,고,torture and interrogate; hit,뜻흉함(자동스캔-영문),상,0,meaning(영문) 키워드 자동 스캔,매칭 키워드: torture
50,掠,략/약,"rob, ransack, plunder; pass by",뜻흉함(자동스캔-영문),상,0,meaning(영문) 키워드 자동 스캔,매칭 키워드: rob
51,搶,창,"plunder, rob, take by force",뜻흉함(자동스캔-영문),상,0,meaning(영문) 키워드 자동 스캔,매칭 키워드: rob
52,摧,최,"destroy, break, injure",뜻흉함(자동스캔-영문),상,0,meaning(영문) 키워드 자동 스캔,매칭 키워드: destroy
53,撻,달,"flog, whip; chastise; (Cant.) classifier for places; a tart (from the English 'tart')",뜻흉함(자동스캔-영문),상,0,meaning(영문) 키워드 자동 스캔,매칭 키워드: flog
54,敝,폐,"break, destroy; broken, tattered",뜻흉함(자동스캔-영문),상,0,meaning(영문) 키워드 자동 스캔,매칭 키워드: destroy
55,斥,척,"to scold, upbraid, accuse, reproach",뜻흉함(자동스캔-영문),상,0,meaning(영문) 키워드 자동 스캔,매칭 키워드: scold
56,杸,대/수,to kill; a spear,뜻흉함(자동스캔-영문),상,0,meaning(영문) 키워드 자동 스캔,매칭 키워드: kill
57,柩,구,coffin which contains corpse,뜻흉함(자동스캔-영문),상,0,meaning(영문) 키워드 자동 스캔,매칭 키워드: corpse
58,梟,효,"an owl; thus, something evil",뜻흉함(자동스캔-영문),상,0,meaning(영문) 키워드 자동 스캔,매칭 키워드: evil
59,槁,고,"wither; withered, rotten, dead",뜻흉함(자동스캔-영문),상,0,meaning(영문) 키워드 자동 스캔,매칭 키워드: dead
60,殀,요,"die young, die prematurely",뜻흉함(자동스캔-영문),상,0,meaning(영문) 키워드 자동 스캔,매칭 키워드: die
61,殭,강,a stiff corpse,뜻흉함(자동스캔-영문),상,0,meaning(영문) 키워드 자동 스캔,매칭 키워드: corpse
62,殮,렴/염,dress corpse for burial,뜻흉함(자동스캔-영문),상,0,meaning(영문) 키워드 자동 스캔,매칭 키워드: corpse
63,殳,수,name of old weapon; kill; rad. 79,뜻흉함(자동스캔-영문),상,0,meaning(영문) 키워드 자동 스캔,매칭 키워드: kill
64,毀,훼,"destroy, ruin, injure; slander",뜻흉함(자동스캔-영문),상,0,meaning(영문) 키워드 자동 스캔,매칭 키워드: destroy
65,毁,훼,destroy,뜻흉함(자동스캔-영문),상,0,meaning(영문) 키워드 자동 스캔,매칭 키워드: destroy
66,汙,오,"filthy, dirty, impure, polluted",뜻흉함(자동스캔-영문),상,0,meaning(영문) 키워드 자동 스캔,매칭 키워드: filthy
67,泆,일,"licentious, libertine, dissipated",뜻흉함(자동스캔-영문),상,0,meaning(영문) 키워드 자동 스캔,매칭 키워드: licentious
68,泯,민,"destroy, eliminate; perish",뜻흉함(자동스캔-영문),상,0,meaning(영문) 키워드 자동 스캔,매칭 키워드: destroy
69,消,소,"vanish, die out; melt away",뜻흉함(자동스캔-영문),상,0,meaning(영문) 키워드 자동 스캔,매칭 키워드: die
70,濕,습,"wet, moist, humid, damp; an illness",뜻흉함(자동스캔-영문),상,0,meaning(영문) 키워드 자동 스캔,매칭 키워드: illness
71,灾,재,"calamity, disaster, catastrophe",뜻흉함(자동스캔-영문),상,0,meaning(영문) 키워드 자동 스캔,매칭 키워드: calamity
72,牢,뇌/뢰,"prison; stable, pen; secure",뜻흉함(자동스캔-영문),상,0,meaning(영문) 키워드 자동 스캔,매칭 키워드: prison
73,猙,쟁,"fierce-looking, ferocious",뜻흉함(자동스캔-영문),상,0,meaning(영문) 키워드 자동 스캔,매칭 키워드: ferocious
74,獄,옥,"prison, jail; case; lawsuit",뜻흉함(자동스캔-영문),상,0,meaning(영문) 키워드 자동 스캔,매칭 키워드: prison
75,獰,녕/영,ferocious appearance; hideous,뜻흉함(자동스캔-영문),상,0,meaning(영문) 키워드 자동 스캔,매칭 키워드: ferocious
76,疚,구,"chronic disease, chronic illness; sorrow",뜻흉함(자동스캔-영문),상,0,meaning(영문) 키워드 자동 스캔,매칭 키워드: disease
77,疵,자,"flaw, fault, defect; disease",뜻흉함(자동스캔-영문),상,0,meaning(영문) 키워드 자동 스캔,매칭 키워드: disease
78,疾,질,"illness, disease, sickness; to hate",뜻흉함(자동스캔-영문),상,0,meaning(영문) 키워드 자동 스캔,매칭 키워드: disease
79,症,증,"disease, illness, ailment",뜻흉함(자동스캔-영문),상,0,meaning(영문) 키워드 자동 스캔,매칭 키워드: disease
80,痲,마,pock-marked; leprosy; measles,뜻흉함(자동스캔-영문),상,0,meaning(영문) 키워드 자동 스캔,매칭 키워드: leprosy
81,痳,림/임,pock-marked; leprosy; measles,뜻흉함(자동스캔-영문),상,0,meaning(영문) 키워드 자동 스캔,매칭 키워드: leprosy
82,痼,고,chronic disease,뜻흉함(자동스캔-영문),상,0,meaning(영문) 키워드 자동 스캔,매칭 키워드: disease
83,瘋,풍,"crazy, insane, mentally ill",뜻흉함(자동스캔-영문),상,0,meaning(영문) 키워드 자동 스캔,매칭 키워드: insane
84,瘕,하,asthma; disease of the bowels,뜻흉함(자동스캔-영문),상,0,meaning(영문) 키워드 자동 스캔,매칭 키워드: disease
85,瘟,온,"epidemic, plague, pestilence",뜻흉함(자동스캔-영문),상,0,meaning(영문) 키워드 자동 스캔,매칭 키워드: plague
86,癩,나/라,"leprosy, scabies, mange; shoddy",뜻흉함(자동스캔-영문),상,0,meaning(영문) 키워드 자동 스캔,매칭 키워드: leprosy
87,眚,생,"disease of the eyes; crime, fault",뜻흉함(자동스캔-영문),상,0,meaning(영문) 키워드 자동 스캔,매칭 키워드: disease
88,祓,불,"exorcise, remove evil; clean",뜻흉함(자동스캔-영문),상,0,meaning(영문) 키워드 자동 스캔,매칭 키워드: evil
89,祟,수,evil spirit; evil influence,뜻흉함(자동스캔-영문),상,0,meaning(영문) 키워드 자동 스캔,매칭 키워드: evil
90,禍,화,"misfortune, calamity, disaster",뜻흉함(자동스캔-영문),상,0,meaning(영문) 키워드 자동 스캔,매칭 키워드: calamity
91,禫,담,sacrifice offered at the end of the three years' mourning the death of a parent,뜻흉함(자동스캔-영문),상,0,meaning(영문) 키워드 자동 스캔,매칭 키워드: death
92,策,책,"scheme, plan; to whip; urge",뜻흉함(자동스캔-영문),상,0,meaning(영문) 키워드 자동 스캔,매칭 키워드: whip
93,箠,추,horse whip; flog,뜻흉함(자동스캔-영문),상,0,meaning(영문) 키워드 자동 스캔,매칭 키워드: flog
94,繯,현,"noose; death by hanging; tie, bind",뜻흉함(자동스캔-영문),상,0,meaning(영문) 키워드 자동 스캔,매칭 키워드: death
95,纇,뇌/뢰,"knot; blemish, flaw, wicked",뜻흉함(자동스캔-영문),상,0,meaning(영문) 키워드 자동 스캔,매칭 키워드: wicked
96,罔,망,net; deceive; libel; negative,뜻흉함(자동스캔-영문),상,0,meaning(영문) 키워드 자동 스캔,매칭 키워드: deceive
97,罪,죄,"crime, sin, vice; evil; hardship",뜻흉함(자동스캔-영문),상,0,meaning(영문) 키워드 자동 스캔,매칭 키워드: crime
98,罸,벌,"penalty, fine; punish, penalize",뜻흉함(자동스캔-영문),상,0,meaning(영문) 키워드 자동 스캔,매칭 키워드: punish
99,背,배,back; back side; behind; betray,뜻흉함(자동스캔-영문),상,0,meaning(영문) 키워드 자동 스캔,매칭 키워드: betray
100,莠,유,"weeds, tares; undesirable, evil",뜻흉함(자동스캔-영문),상,0,meaning(영문) 키워드 자동 스캔,매칭 키워드: evil
101,虜,노/로,"to capture, imprison, seize; a prison",뜻흉함(자동스캔-영문),상,0,meaning(영문) 키워드 자동 스캔,매칭 키워드: imprison
102,螭,리/이,a dragon whose horns have not grown; cruel,뜻흉함(자동스캔-영문),상,0,meaning(영문) 키워드 자동 스캔,매칭 키워드: cruel
103,衊,멸,"smear, slander; defile",뜻흉함(자동스캔-영문),상,0,meaning(영문) 키워드 자동 스캔,매칭 키워드: slander
104,訃,부,obituary; give notice of death,뜻흉함(자동스캔-영문),상,0,meaning(영문) 키워드 자동 스캔,매칭 키워드: death
105,訊,신,inquire; ask; examine; reproach,뜻흉함(자동스캔-영문),상,0,meaning(영문) 키워드 자동 스캔,매칭 키워드: reproach
106,訑,이,"deceive, cheat; arrogant",뜻흉함(자동스캔-영문),상,0,meaning(영문) 키워드 자동 스캔,매칭 키워드: deceive
107,詋,주,to curse; to swear an oath incantations,뜻흉함(자동스캔-영문),상,0,meaning(영문) 키워드 자동 스캔,매칭 키워드: curse
108,詑,타,cheat,뜻흉함(자동스캔-영문),상,0,meaning(영문) 키워드 자동 스캔,매칭 키워드: cheat
109,詛,저,"curse; swear, pledge",뜻흉함(자동스캔-영문),상,0,meaning(영문) 키워드 자동 스캔,매칭 키워드: curse
110,詿,괘,"error, mistake; deceive, mislead",뜻흉함(자동스캔-영문),상,0,meaning(영문) 키워드 자동 스캔,매칭 키워드: deceive
111,誄,뇌/뢰,"eulogize, praise the dead",뜻흉함(자동스캔-영문),상,0,meaning(영문) 키워드 자동 스캔,매칭 키워드: dead
112,誅,주,"execute, kill, put to death; punish",뜻흉함(자동스캔-영문),상,0,meaning(영문) 키워드 자동 스캔,매칭 키워드: death
113,誣,무,make false accusation; defame,뜻흉함(자동스캔-영문),상,0,meaning(영문) 키워드 자동 스캔,매칭 키워드: defame
114,說,설/세/열,"speak, say, talk; scold, upbraid",뜻흉함(자동스캔-영문),상,0,meaning(영문) 키워드 자동 스캔,매칭 키워드: scold
115,諆,기,to cheat,뜻흉함(자동스캔-영문),상,0,meaning(영문) 키워드 자동 스캔,매칭 키워드: cheat
116,諝,서,knowledge; discrimination; treachery,뜻흉함(자동스캔-영문),상,0,meaning(영문) 키워드 자동 스캔,매칭 키워드: treachery
117,謫,적,"charge, blame; disgrace; demote; punish",뜻흉함(자동스캔-영문),상,0,meaning(영문) 키워드 자동 스캔,매칭 키워드: punish
118,謷,오,slander; to revile; huge; big,뜻흉함(자동스캔-영문),상,0,meaning(영문) 키워드 자동 스캔,매칭 키워드: revile
119,譟,조,"clamor, noise, din; slander",뜻흉함(자동스캔-영문),상,0,meaning(영문) 키워드 자동 스캔,매칭 키워드: slander
120,豺,시,"wolf; cruel, wicked, mean",뜻흉함(자동스캔-영문),상,0,meaning(영문) 키워드 자동 스캔,매칭 키워드: wicked
121,賣,매,sell; betray; show off,뜻흉함(자동스캔-영문),상,0,meaning(영문) 키워드 자동 스캔,매칭 키워드: betray
122,跆,태,trample,뜻흉함(자동스캔-영문),상,0,meaning(영문) 키워드 자동 스캔,매칭 키워드: trample
123,踏,답,"step on, trample, tread on, walk",뜻흉함(자동스캔-영문),상,0,meaning(영문) 키워드 자동 스캔,매칭 키워드: trample
124,踐,천,"trample, tread upon, walk on",뜻흉함(자동스캔-영문),상,0,meaning(영문) 키워드 자동 스캔,매칭 키워드: trample
125,蹂,유,"trample under foot, tread on",뜻흉함(자동스캔-영문),상,0,meaning(영문) 키워드 자동 스캔,매칭 키워드: trample
126,蹶,궐,"stumble, fall down; trample",뜻흉함(자동스캔-영문),상,0,meaning(영문) 키워드 자동 스캔,매칭 키워드: trample
127,轝,여,"envy; hate, dislike; resentment",뜻흉함(자동스캔-영문),상,0,meaning(영문) 키워드 자동 스캔,매칭 키워드: resentment
128,辜,고,"crime, criminal offense",뜻흉함(자동스캔-영문),상,0,meaning(영문) 키워드 자동 스캔,매칭 키워드: crime
129,辣,날/랄,"peppery, pungent, hot; cruel",뜻흉함(자동스캔-영문),상,0,meaning(영문) 키워드 자동 스캔,매칭 키워드: cruel
130,逝,서,pass away; die,뜻흉함(자동스캔-영문),상,0,meaning(영문) 키워드 자동 스캔,매칭 키워드: die
131,遯,둔,"deceive, hide, conceal; flee; hexagram ䷠",뜻흉함(자동스캔-영문),상,0,meaning(영문) 키워드 자동 스캔,매칭 키워드: deceive
132,闚,규,flash; flashing; steal look,뜻흉함(자동스캔-영문),상,0,meaning(영문) 키워드 자동 스캔,매칭 키워드: steal
133,隕,운,"fall, slip; let fall; die",뜻흉함(자동스캔-영문),상,0,meaning(영문) 키워드 자동 스캔,매칭 키워드: die
134,隳,휴,to destroy; to overthrow,뜻흉함(자동스캔-영문),상,0,meaning(영문) 키워드 자동 스캔,매칭 키워드: destroy
135,鞭,편,whip; whip; string of firecrackers,뜻흉함(자동스캔-영문),상,0,meaning(영문) 키워드 자동 스캔,매칭 키워드: whip
136,頡,힐,"fly upward, soar; contest; to rob",뜻흉함(자동스캔-영문),상,0,meaning(영문) 키워드 자동 스캔,매칭 키워드: rob
137,飾,식,"decorate, ornament, adorn; to deceive",뜻흉함(자동스캔-영문),상,0,meaning(영문) 키워드 자동 스캔,매칭 키워드: deceive
138,馘,괵,cut off left ear; tally dead enemy,뜻흉함(자동스캔-영문),상,0,meaning(영문) 키워드 자동 스캔,매칭 키워드: dead
139,骰,투,"die, dice",뜻흉함(자동스캔-영문),상,0,meaning(영문) 키워드 자동 스캔,매칭 키워드: die
140,骼,격,bone; skeleton; corpse,뜻흉함(자동스캔-영문),상,0,meaning(영문) 키워드 자동 스캔,매칭 키워드: corpse
141,髡,곤,to shave the head as a punishment; to prune,뜻흉함(자동스캔-영문),상,0,meaning(영문) 키워드 자동 스캔,매칭 키워드: punishment
142,魔,마,"demon, evil spirits; magic power",뜻흉함(자동스캔-영문),상,0,meaning(영문) 키워드 자동 스캔,매칭 키워드: evil
143,黑,흑,"black; dark; evil, sinister; Kangxi radical 203",뜻흉함(자동스캔-영문),상,0,meaning(영문) 키워드 자동 스캔,매칭 키워드: evil
144,㒤,섭,"to have one's heart won; to submit, admire, etc. sincerely and willingly, (interchangeable 懾) to fear; to dread; to be scared of",뜻흉함(자동스캔-영문),중,0,meaning(영문) 키워드 자동 스캔,매칭 키워드: dread
145,㣽,서,"(ancient form of 恕) to forgive; to pardon, (ancient form 怒) anger; wrath; indignation; rage",뜻흉함(자동스캔-영문),중,0,meaning(영문) 키워드 자동 스캔,매칭 키워드: anger
146,㦆,하,"to exaggerate; exaggeration, arrogant; showing wild imagination; preposterously fantastic, without ambition; discourage",뜻흉함(자동스캔-영문),중,0,meaning(영문) 키워드 자동 스캔,매칭 키워드: arrogant
147,㰫,참,"glad; joyful; happy, avaricious; greedy, cold",뜻흉함(자동스캔-영문),중,0,meaning(영문) 키워드 자동 스캔,매칭 키워드: greedy
148,䛘,임,"to think of; to remember (someone), to read out aloud, loquacious, guttural sound, noise; uproar; turmoil",뜻흉함(자동스캔-영문),중,0,meaning(영문) 키워드 자동 스캔,매칭 키워드: turmoil
149,䜌,난/란/련/연,"(ancient form) chaos; distraction; confusion, confused, continuous; uninterrupted; to tie together, to manage",뜻흉함(자동스캔-영문),중,0,meaning(영문) 키워드 자동 스캔,매칭 키워드: confusion
150,乖,괴,"rebel; crafty, shrewd",뜻흉함(자동스캔-영문),중,0,meaning(영문) 키워드 자동 스캔,매칭 키워드: rebel
151,伈,심,"nervous, fearful",뜻흉함(자동스캔-영문),중,0,meaning(영문) 키워드 자동 스캔,매칭 키워드: fearful
152,儳,참,obstinate; stupid; uneven; mix,뜻흉함(자동스캔-영문),중,0,meaning(영문) 키워드 자동 스캔,매칭 키워드: stupid
153,兢,긍,"fearful, cautious, wary",뜻흉함(자동스캔-영문),중,0,meaning(영문) 키워드 자동 스캔,매칭 키워드: fearful
154,凜,늠/름,"shiver with cold or fear, fearful",뜻흉함(자동스캔-영문),중,0,meaning(영문) 키워드 자동 스캔,매칭 키워드: fearful
155,却,각,"still, but; decline; retreat",뜻흉함(자동스캔-영문),중,0,meaning(영문) 키워드 자동 스캔,매칭 키워드: decline
156,卻,각,"still, but; decline; retreat",뜻흉함(자동스캔-영문),중,0,meaning(영문) 키워드 자동 스캔,매칭 키워드: decline
157,吽,후,"'OM'; bellow; (Cant.) dull, stupid",뜻흉함(자동스캔-영문),중,0,meaning(영문) 키워드 자동 스캔,매칭 키워드: stupid
158,哽,경,choke (with grief),뜻흉함(자동스캔-영문),중,0,meaning(영문) 키워드 자동 스캔,매칭 키워드: grief
159,唏,희,weep or sob; grieve,뜻흉함(자동스캔-영문),중,0,meaning(영문) 키워드 자동 스캔,매칭 키워드: grieve
160,噲,쾌,"swallow, gulp down; greedy",뜻흉함(자동스캔-영문),중,0,meaning(영문) 키워드 자동 스캔,매칭 키워드: greedy
161,囂,효,be noisy; treat with contempt,뜻흉함(자동스캔-영문),중,0,meaning(영문) 키워드 자동 스캔,매칭 키워드: contempt
162,坍,담,collapse; landslide,뜻흉함(자동스캔-영문),중,0,meaning(영문) 키워드 자동 스캔,매칭 키워드: collapse
163,坏,배,"rotten, spoilt, bad, broken down",뜻흉함(자동스캔-영문),중,0,meaning(영문) 키워드 자동 스캔,매칭 키워드: rotten
164,塌,탑,"fall in ruins, collapse",뜻흉함(자동스캔-영문),중,0,meaning(영문) 키워드 자동 스캔,매칭 키워드: collapse
165,奭,석,red; anger; ire; surname,뜻흉함(자동스캔-영문),중,0,meaning(영문) 키워드 자동 스캔,매칭 키워드: anger
166,奰,비,anger,뜻흉함(자동스캔-영문),중,0,meaning(영문) 키워드 자동 스캔,매칭 키워드: anger
167,妄,망,"absurd, foolish, reckless; false",뜻흉함(자동스캔-영문),중,0,meaning(영문) 키워드 자동 스캔,매칭 키워드: foolish
168,妒,투,"jealous, envious",뜻흉함(자동스캔-영문),중,0,meaning(영문) 키워드 자동 스캔,매칭 키워드: jealous
169,妬,투,"jealous, envious",뜻흉함(자동스캔-영문),중,0,meaning(영문) 키워드 자동 스캔,매칭 키워드: jealous
170,媢,모,"be jealous of, be envious",뜻흉함(자동스캔-영문),중,0,meaning(영문) 키워드 자동 스캔,매칭 키워드: jealous
171,嬲,뇨/요,"frolic, play with; flirt with; (Cant.) angry",뜻흉함(자동스캔-영문),중,0,meaning(영문) 키워드 자동 스캔,매칭 키워드: angry
172,忌,기,"jealous, envious; fear",뜻흉함(자동스캔-영문),중,0,meaning(영문) 키워드 자동 스캔,매칭 키워드: jealous
173,怞,추,to grieve; sorrowful,뜻흉함(자동스캔-영문),중,0,meaning(영문) 키워드 자동 스캔,매칭 키워드: grieve
174,怦,평,"eager, ardent, impulsive; anxious",뜻흉함(자동스캔-영문),중,0,meaning(영문) 키워드 자동 스캔,매칭 키워드: anxious
175,怩,니/이,"shy, timid, bashful; look ashamed",뜻흉함(자동스캔-영문),중,0,meaning(영문) 키워드 자동 스캔,매칭 키워드: timid
176,怯,겁,"lacking in courage, afraid",뜻흉함(자동스캔-영문),중,0,meaning(영문) 키워드 자동 스캔,매칭 키워드: afraid
177,怲,병,"be anxious, be grieved, be sad",뜻흉함(자동스캔-영문),중,0,meaning(영문) 키워드 자동 스캔,매칭 키워드: anxious
178,悸,계,"fearful, apprehensive, perturbed",뜻흉함(자동스캔-영문),중,0,meaning(영문) 키워드 자동 스캔,매칭 키워드: fearful
179,悼,도,"grieve, mourn, lament; grieved",뜻흉함(자동스캔-영문),중,0,meaning(영문) 키워드 자동 스캔,매칭 키워드: grieve
180,惄,녁/역,long for; hungry,뜻흉함(자동스캔-영문),중,0,meaning(영문) 키워드 자동 스캔,매칭 키워드: hungry
181,惏,남/람,avaricious; greedy cold,뜻흉함(자동스캔-영문),중,0,meaning(영문) 키워드 자동 스캔,매칭 키워드: greedy
182,惴,췌,"afraid, apprehensive, nervous",뜻흉함(자동스캔-영문),중,0,meaning(영문) 키워드 자동 스캔,매칭 키워드: afraid
183,惶,황,"fearful, afraid, anxious, nervous",뜻흉함(자동스캔-영문),중,0,meaning(영문) 키워드 자동 스캔,매칭 키워드: anxious
184,惷,준,wriggle; stupid; silly; fat,뜻흉함(자동스캔-영문),중,0,meaning(영문) 키워드 자동 스캔,매칭 키워드: stupid
185,愀,초,"to change one's countenance, be anxious; to blush",뜻흉함(자동스캔-영문),중,0,meaning(영문) 키워드 자동 스캔,매칭 키워드: anxious
186,愞,난,"timid, apprehensive",뜻흉함(자동스캔-영문),중,0,meaning(영문) 키워드 자동 스캔,매칭 키워드: timid
187,慇,은,"careful, anxious, attentive",뜻흉함(자동스캔-영문),중,0,meaning(영문) 키워드 자동 스캔,매칭 키워드: anxious
188,慟,통,"sadness, grief; mourn; be moved",뜻흉함(자동스캔-영문),중,0,meaning(영문) 키워드 자동 스캔,매칭 키워드: grief
189,慮,려/여,"be concerned, worry about",뜻흉함(자동스캔-영문),중,0,meaning(영문) 키워드 자동 스캔,매칭 키워드: worry
190,慴,습,"fear; terrified, fearful; fear",뜻흉함(자동스캔-영문),중,0,meaning(영문) 키워드 자동 스캔,매칭 키워드: fearful
191,憃,용,"foolish, stupid, dull, silly",뜻흉함(자동스캔-영문),중,0,meaning(영문) 키워드 자동 스캔,매칭 키워드: foolish
192,憚,탄,"dread, shrink from, shirk, fear",뜻흉함(자동스캔-영문),중,0,meaning(영문) 키워드 자동 스캔,매칭 키워드: dread
193,憫,민,"pity, sympathize with, grieve for",뜻흉함(자동스캔-영문),중,0,meaning(영문) 키워드 자동 스캔,매칭 키워드: grieve
194,懁,환,"anxious, distressed",뜻흉함(자동스캔-영문),중,0,meaning(영문) 키워드 자동 스캔,매칭 키워드: anxious
195,懍,름,"be afraid of, be awed by, be in awe",뜻흉함(자동스캔-영문),중,0,meaning(영문) 키워드 자동 스캔,매칭 키워드: afraid
196,懼,구,"fear, be afraid of, dread",뜻흉함(자동스캔-영문),중,0,meaning(영문) 키워드 자동 스캔,매칭 키워드: afraid
197,拄,주,lean on; post; prod; ridicule,뜻흉함(자동스캔-영문),중,0,meaning(영문) 키워드 자동 스캔,매칭 키워드: ridicule
198,拙,졸,"stupid, clumsy, crude; convention",뜻흉함(자동스캔-영문),중,0,meaning(영문) 키워드 자동 스캔,매칭 키워드: stupid
199,揶,야,"make fun of, ridicule",뜻흉함(자동스캔-영문),중,0,meaning(영문) 키워드 자동 스캔,매칭 키워드: ridicule
200,搉,각,knock; pick out; ridicule,뜻흉함(자동스캔-영문),중,0,meaning(영문) 키워드 자동 스캔,매칭 키워드: ridicule
201,昃,측,afternoon; the sun in the afternoon sky; to decline,뜻흉함(자동스캔-영문),중,0,meaning(영문) 키워드 자동 스캔,매칭 키워드: decline
202,暎,영,sun beginning decline; reflect,뜻흉함(자동스캔-영문),중,0,meaning(영문) 키워드 자동 스캔,매칭 키워드: decline
203,朽,후,"decayed, rotten; rot, decay",뜻흉함(자동스캔-영문),중,0,meaning(영문) 키워드 자동 스캔,매칭 키워드: decay
204,枉,왕,"useless, in vain; bent, crooked",뜻흉함(자동스캔-영문),중,0,meaning(영문) 키워드 자동 스캔,매칭 키워드: vain
205,檮,도,block of wood; blockhead; stupid,뜻흉함(자동스캔-영문),중,0,meaning(영문) 키워드 자동 스캔,매칭 키워드: stupid
206,毚,참,cunning; greedy; crafty,뜻흉함(자동스캔-영문),중,0,meaning(영문) 키워드 자동 스캔,매칭 키워드: greedy
207,沌,돈,"chaotic, confused; turbid, murky",뜻흉함(자동스캔-영문),중,0,meaning(영문) 키워드 자동 스캔,매칭 키워드: chaotic
208,沴,려/전,foul and poisonous in confusion; out of harmony,뜻흉함(자동스캔-영문),중,0,meaning(영문) 키워드 자동 스캔,매칭 키워드: confusion
209,漚,구,"soak, steep; sodden, soaked; rotten; foam, froth",뜻흉함(자동스캔-영문),중,0,meaning(영문) 키워드 자동 스캔,매칭 키워드: rotten
210,火,화,"fire, flame; burn; anger, rage",뜻흉함(자동스캔-영문),중,0,meaning(영문) 키워드 자동 스캔,매칭 키워드: anger
211,焦,초,"burned, scorched; anxious, vexed",뜻흉함(자동스캔-영문),중,0,meaning(영문) 키워드 자동 스캔,매칭 키워드: anxious
212,爛,난/란,"rotten, spoiled, decayed",뜻흉함(자동스캔-영문),중,0,meaning(영문) 키워드 자동 스캔,매칭 키워드: rotten
213,獘,폐,collapse,뜻흉함(자동스캔-영문),중,0,meaning(영문) 키워드 자동 스캔,매칭 키워드: collapse
214,痴,치,"foolish, stupid, dumb, silly",뜻흉함(자동스캔-영문),중,0,meaning(영문) 키워드 자동 스캔,매칭 키워드: foolish
215,瞋,진,glare with anger,뜻흉함(자동스캔-영문),중,0,meaning(영문) 키워드 자동 스캔,매칭 키워드: anger
216,瞽,고,blind; blind musician; stupid,뜻흉함(자동스캔-영문),중,0,meaning(영문) 키워드 자동 스캔,매칭 키워드: stupid
217,矇,몽,"stupid, ignorant; blind",뜻흉함(자동스캔-영문),중,0,meaning(영문) 키워드 자동 스캔,매칭 키워드: stupid
218,矉,빈,an angry glare; to open the eyes with anger,뜻흉함(자동스캔-영문),중,0,meaning(영문) 키워드 자동 스캔,매칭 키워드: angry
219,笨,분,"foolish, stupid, dull; awkward",뜻흉함(자동스캔-영문),중,0,meaning(영문) 키워드 자동 스캔,매칭 키워드: foolish
220,紛,분,"in disorder, scattered, tangled",뜻흉함(자동스캔-영문),중,0,meaning(영문) 키워드 자동 스캔,매칭 키워드: disorder
221,紜,운,"confused, in disorder; numerous",뜻흉함(자동스캔-영문),중,0,meaning(영문) 키워드 자동 스캔,매칭 키워드: disorder
222,羡,선/이,"envy, admire; praise; covet",뜻흉함(자동스캔-영문),중,0,meaning(영문) 키워드 자동 스캔,매칭 키워드: covet
223,羨,선,"envy, admire; praise; covet",뜻흉함(자동스캔-영문),중,0,meaning(영문) 키워드 자동 스캔,매칭 키워드: covet
224,腓,비,calf; avoid; be ill; wither,뜻흉함(자동스캔-영문),중,0,meaning(영문) 키워드 자동 스캔,매칭 키워드: wither
225,芚,둔,green sprout; foolish,뜻흉함(자동스캔-영문),중,0,meaning(영문) 키워드 자동 스캔,매칭 키워드: foolish
226,萎,위,"wither, wilt",뜻흉함(자동스캔-영문),중,0,meaning(영문) 키워드 자동 스캔,매칭 키워드: wither
227,藐,묘,"disregard, slight, disdain",뜻흉함(자동스캔-영문),중,0,meaning(영문) 키워드 자동 스캔,매칭 키워드: disdain
228,虛,허,"false, worthless; empty, hollow; 11th lunar mansion, determinative star β Aquarii (Sadalsuud)",뜻흉함(자동스캔-영문),중,0,meaning(영문) 키워드 자동 스캔,매칭 키워드: worthless
229,虞,우,"concerned about, anxious, worried",뜻흉함(자동스캔-영문),중,0,meaning(영문) 키워드 자동 스캔,매칭 키워드: anxious
230,蛩,공,"cricket, locust; anxious",뜻흉함(자동스캔-영문),중,0,meaning(영문) 키워드 자동 스캔,매칭 키워드: anxious
231,蠢,준,wriggle; stupid; silly; fat,뜻흉함(자동스캔-영문),중,0,meaning(영문) 키워드 자동 스캔,매칭 키워드: stupid
232,覬,기,"covet, long for, desire",뜻흉함(자동스캔-영문),중,0,meaning(영문) 키워드 자동 스캔,매칭 키워드: covet
233,訟,송,"accuse; argue, dispute; litigate; hexagram ䷅",뜻흉함(자동스캔-영문),중,0,meaning(영문) 키워드 자동 스캔,매칭 키워드: dispute
234,謝,사,thank; decline,뜻흉함(자동스캔-영문),중,0,meaning(영문) 키워드 자동 스캔,매칭 키워드: decline
235,譏,기,"ridicule, jeer, mock; inspect",뜻흉함(자동스캔-영문),중,0,meaning(영문) 키워드 자동 스캔,매칭 키워드: mock
236,變,변,"change, transform, alter; rebel",뜻흉함(자동스캔-영문),중,0,meaning(영문) 키워드 자동 스캔,매칭 키워드: rebel
237,蹙,축,"urgent, suddenly; grieve, lament",뜻흉함(자동스캔-영문),중,0,meaning(영문) 키워드 자동 스캔,매칭 키워드: grieve
238,辯,변,"dispute, argue, debate, discuss",뜻흉함(자동스캔-영문),중,0,meaning(영문) 키워드 자동 스캔,매칭 키워드: dispute
239,迿,준,to be the first to begin a quarrel,뜻흉함(자동스캔-영문),중,0,meaning(영문) 키워드 자동 스캔,매칭 키워드: quarrel
240,逆,역,"disobey, rebel; rebel, traitor",뜻흉함(자동스캔-영문),중,0,meaning(영문) 키워드 자동 스캔,매칭 키워드: rebel
241,逴,탁,"argue, quarrel, squabble; far",뜻흉함(자동스캔-영문),중,0,meaning(영문) 키워드 자동 스캔,매칭 키워드: quarrel
242,醋,초,"vinegar; jealousy, envy",뜻흉함(자동스캔-영문),중,0,meaning(영문) 키워드 자동 스캔,매칭 키워드: envy
243,釁,흔,"smear with blood in sacrifice; rift, quarrel",뜻흉함(자동스캔-영문),중,0,meaning(영문) 키워드 자동 스캔,매칭 키워드: quarrel
244,閔,민,"mourn, grieve; urge on, incite",뜻흉함(자동스캔-영문),중,0,meaning(영문) 키워드 자동 스캔,매칭 키워드: grieve
245,霽,제,to clear up after rain; to cease to be angry,뜻흉함(자동스캔-영문),중,0,meaning(영문) 키워드 자동 스캔,매칭 키워드: angry
246,靦,전,"timid, shy, bashful",뜻흉함(자동스캔-영문),중,0,meaning(영문) 키워드 자동 스캔,매칭 키워드: timid
247,頊,욱,grieved; anxious,뜻흉함(자동스캔-영문),중,0,meaning(영문) 키워드 자동 스캔,매칭 키워드: anxious
248,饐,의,"spoiled, rotten, sour",뜻흉함(자동스캔-영문),중,0,meaning(영문) 키워드 자동 스캔,매칭 키워드: rotten
249,駻,한,"a fierce horse; to rage, run wild",뜻흉함(자동스캔-영문),중,0,meaning(영문) 키워드 자동 스캔,매칭 키워드: rage
250,鬧,뇨/요,quarrel; dispute hotly,뜻흉함(자동스캔-영문),중,0,meaning(영문) 키워드 자동 스캔,매칭 키워드: quarrel
251,鬩,혁,"feud, fight, quarrel",뜻흉함(자동스캔-영문),중,0,meaning(영문) 키워드 자동 스캔,매칭 키워드: quarrel
252,魯,노/로,"foolish, stupid, rash; vulgar",뜻흉함(자동스캔-영문),중,0,meaning(영문) 키워드 자동 스캔,매칭 키워드: foolish
253,齗,은,gums (of the teeth); to dispute,뜻흉함(자동스캔-영문),중,0,meaning(영문) 키워드 자동 스캔,매칭 키워드: dispute
254,齲,우,tooth decay,뜻흉함(자동스캔-영문),중,0,meaning(영문) 키워드 자동 스캔,매칭 키워드: decay
255,䳠,수,"owl, kite, hawk; sparrow hawk, stop flying (said of bird)",뜻흉함(자동스캔-영문),하,0,meaning(영문) 키워드 자동 스캔,매칭 키워드: stop
256,丟,주,"discard, reject, lose",뜻흉함(자동스캔-영문),하,0,meaning(영문) 키워드 자동 스캔,매칭 키워드: lose
257,仃,정,"lonely, solitary",뜻흉함(자동스캔-영문),하,0,meaning(영문) 키워드 자동 스캔,매칭 키워드: lonely
258,休,휴,"rest, stop; retire; do not!",뜻흉함(자동스캔-영문),하,0,meaning(영문) 키워드 자동 스캔,매칭 키워드: stop
259,伶,령/영,"lonely, solitary; actor",뜻흉함(자동스캔-영문),하,0,meaning(영문) 키워드 자동 스캔,매칭 키워드: lonely
260,住,주,"reside, live at, dwell, lodge; stop",뜻흉함(자동스캔-영문),하,0,meaning(영문) 키워드 자동 스캔,매칭 키워드: stop
261,俎,조,chopping board or block; painted,뜻흉함(자동스캔-영문),하,0,meaning(영문) 키워드 자동 스캔,매칭 키워드: block
262,倪,예,"feeble, tiny, young and weak",뜻흉함(자동스캔-영문),하,0,meaning(영문) 키워드 자동 스캔,매칭 키워드: weak
263,偃,언,"cease, lay off, lay down",뜻흉함(자동스캔-영문),하,0,meaning(영문) 키워드 자동 스캔,매칭 키워드: cease
264,偄,난,weak,뜻흉함(자동스캔-영문),하,0,meaning(영문) 키워드 자동 스캔,매칭 키워드: weak
265,停,정,"stop, suspend, delay; suitable",뜻흉함(자동스캔-영문),하,0,meaning(영문) 키워드 자동 스캔,매칭 키워드: stop
266,儜,녕/영,weak; wearied; in distress,뜻흉함(자동스캔-영문),하,0,meaning(영문) 키워드 자동 스캔,매칭 키워드: weak
267,冉,염,tender; weak; proceed gradually,뜻흉함(자동스캔-영문),하,0,meaning(영문) 키워드 자동 스캔,매칭 키워드: weak
268,冷,냉/랭,"cold, cool; lonely",뜻흉함(자동스캔-영문),하,0,meaning(영문) 키워드 자동 스캔,매칭 키워드: lonely
269,匱,궤,to lack,뜻흉함(자동스캔-영문),하,0,meaning(영문) 키워드 자동 스캔,매칭 키워드: lack
270,去,거,"go away, leave, depart",뜻흉함(자동스캔-영문),하,0,meaning(영문) 키워드 자동 스캔,매칭 키워드: depart
271,啻,시,"only, merely; just like; stop at",뜻흉함(자동스캔-영문),하,0,meaning(영문) 키워드 자동 스캔,매칭 키워드: stop
272,坻,지,"an islet, a rock in a river; an embankment; to stop",뜻흉함(자동스캔-영문),하,0,meaning(영문) 키워드 자동 스캔,매칭 키워드: stop
273,堵,도,"wall; stop, prevent; stop up",뜻흉함(자동스캔-영문),하,0,meaning(영문) 키워드 자동 스캔,매칭 키워드: stop
274,塞,새/색,"stop up, block, seal, cork; pass, frontier; fortress",뜻흉함(자동스캔-영문),하,0,meaning(영문) 키워드 자동 스캔,매칭 키워드: stop
275,墩,돈,"heap, mound, block of stone",뜻흉함(자동스캔-영문),하,0,meaning(영문) 키워드 자동 스캔,매칭 키워드: block
276,奄,엄,"ere long; remain, tarry; feeble",뜻흉함(자동스캔-영문),하,0,meaning(영문) 키워드 자동 스캔,매칭 키워드: feeble
277,妨,방,"interfere with, impede, obstruct",뜻흉함(자동스캔-영문),하,0,meaning(영문) 키워드 자동 스캔,매칭 키워드: obstruct
278,嬬,유,"mistress, concubine; weak",뜻흉함(자동스캔-영문),하,0,meaning(영문) 키워드 자동 스캔,매칭 키워드: weak
279,宿,수/숙,"stop, rest, lodge, stay overnight; constellation",뜻흉함(자동스캔-영문),하,0,meaning(영문) 키워드 자동 스캔,매칭 키워드: stop
280,寘,치,"put aside, put down; discard",뜻흉함(자동스캔-영문),하,0,meaning(영문) 키워드 자동 스캔,매칭 키워드: discard
281,已,이,already; finished; stop,뜻흉함(자동스캔-영문),하,0,meaning(영문) 키워드 자동 스캔,매칭 키워드: stop
282,廢,폐,"abrogate, terminate, discard",뜻흉함(자동스캔-영문),하,0,meaning(영문) 키워드 자동 스캔,매칭 키워드: discard
283,弃,기,"reject, abandon, discard",뜻흉함(자동스캔-영문),하,0,meaning(영문) 키워드 자동 스캔,매칭 키워드: abandon
284,弭,미,"stop, desist, end, quell",뜻흉함(자동스캔-영문),하,0,meaning(영문) 키워드 자동 스캔,매칭 키워드: stop
285,往,왕,"go, depart; past, formerly",뜻흉함(자동스캔-영문),하,0,meaning(영문) 키워드 자동 스캔,매칭 키워드: depart
286,息,식,"rest, put stop to, end, cease",뜻흉함(자동스캔-영문),하,0,meaning(영문) 키워드 자동 스캔,매칭 키워드: stop
287,截,절,"cut off, stop, obstruct, intersect",뜻흉함(자동스캔-영문),하,0,meaning(영문) 키워드 자동 스캔,매칭 키워드: stop
288,拋,포,"throw (away), abandon, reject",뜻흉함(자동스캔-영문),하,0,meaning(영문) 키워드 자동 스캔,매칭 키워드: abandon
289,拫,흔,to pull; to drag; to stop; (Cant.) to turn fast,뜻흉함(자동스캔-영문),하,0,meaning(영문) 키워드 자동 스캔,매칭 키워드: stop
290,揚,양,"scatter, spread; praise",뜻흉함(자동스캔-영문),하,0,meaning(영문) 키워드 자동 스캔,매칭 키워드: scatter
291,搪,당,"ward off, evade; parry; block",뜻흉함(자동스캔-영문),하,0,meaning(영문) 키워드 자동 스캔,매칭 키워드: block
292,撒,살,"release, cast away, let go; disperse; relax",뜻흉함(자동스캔-영문),하,0,meaning(영문) 키워드 자동 스캔,매칭 키워드: disperse
293,撩,료/요,"lift up, raise; leave, depart",뜻흉함(자동스캔-영문),하,0,meaning(영문) 키워드 자동 스캔,매칭 키워드: depart
294,攄,터,"spread, disperse; vent, set forth",뜻흉함(자동스캔-영문),하,0,meaning(영문) 키워드 자동 스캔,매칭 키워드: disperse
295,支,지,"disperse, pay; support; branch",뜻흉함(자동스캔-영문),하,0,meaning(영문) 키워드 자동 스캔,매칭 키워드: disperse
296,散,산,"scatter, disperse, break up",뜻흉함(자동스캔-영문),하,0,meaning(영문) 키워드 자동 스캔,매칭 키워드: scatter
297,敭,양,"scatter, spread; praise; raise",뜻흉함(자동스캔-영문),하,0,meaning(영문) 키워드 자동 스캔,매칭 키워드: scatter
298,棖,정,"door stop, door jam; touch; a prop, post",뜻흉함(자동스캔-영문),하,0,meaning(영문) 키워드 자동 스캔,매칭 키워드: stop
299,櫨,노/로,"supporting block; sumac, loquat",뜻흉함(자동스캔-영문),하,0,meaning(영문) 키워드 자동 스캔,매칭 키워드: block
300,欠,흠,"owe, lack, be deficient; Kangxi radical 76",뜻흉함(자동스캔-영문),하,0,meaning(영문) 키워드 자동 스캔,매칭 키워드: lack
301,歇,헐,"rest, stop, lodge",뜻흉함(자동스캔-영문),하,0,meaning(영문) 키워드 자동 스캔,매칭 키워드: stop
302,止,지,"stop, halt, desist; detain",뜻흉함(자동스캔-영문),하,0,meaning(영문) 키워드 자동 스캔,매칭 키워드: stop
303,泮,반,Zhou dynasty school; disperse; fall apart,뜻흉함(자동스캔-영문),하,0,meaning(영문) 키워드 자동 스캔,매칭 키워드: disperse
304,洒,선/세,sprinkle; scatter; pour; to wipe away; to shiver,뜻흉함(자동스캔-영문),하,0,meaning(영문) 키워드 자동 스캔,매칭 키워드: scatter
305,淡,담,"weak, watery; insipid, tasteless",뜻흉함(자동스캔-영문),하,0,meaning(영문) 키워드 자동 스캔,매칭 키워드: weak
306,湮,인,"bury, sink, block up; stain",뜻흉함(자동스캔-영문),하,0,meaning(영문) 키워드 자동 스캔,매칭 키워드: block
307,滯,체,"block up, obstruct; stagnant",뜻흉함(자동스캔-영문),하,0,meaning(영문) 키워드 자동 스캔,매칭 키워드: block
308,灑,쇄,"sprinkle, splash; scatter, throw",뜻흉함(자동스캔-영문),하,0,meaning(영문) 키워드 자동 스캔,매칭 키워드: scatter
309,灒,찬,"to spatter, to splash, to scatter",뜻흉함(자동스캔-영문),하,0,meaning(영문) 키워드 자동 스캔,매칭 키워드: scatter
310,煃,규,"remove, get rid of; scatter",뜻흉함(자동스캔-영문),하,0,meaning(영문) 키워드 자동 스캔,매칭 키워드: scatter
311,獨,독,"alone, single, solitary, only",뜻흉함(자동스캔-영문),하,0,meaning(영문) 키워드 자동 스캔,매칭 키워드: solitary
312,留,류/유,"stop, halt; stay, detain, keep",뜻흉함(자동스캔-영문),하,0,meaning(영문) 키워드 자동 스캔,매칭 키워드: stop
313,疲,피,"feel tired, be exhausted; weak",뜻흉함(자동스캔-영문),하,0,meaning(영문) 키워드 자동 스캔,매칭 키워드: weak
314,癈,폐,"abrogate, terminate, discard",뜻흉함(자동스캔-영문),하,0,meaning(영문) 키워드 자동 스캔,매칭 키워드: discard
315,癕,옹,loss of the sense of smell,뜻흉함(자동스캔-영문),하,0,meaning(영문) 키워드 자동 스캔,매칭 키워드: loss
316,碍,애,"obstruct, hinder, block, deter",뜻흉함(자동스캔-영문),하,0,meaning(영문) 키워드 자동 스캔,매칭 키워드: block
317,祛,거,"expel, disperse, exorcise",뜻흉함(자동스캔-영문),하,0,meaning(영문) 키워드 자동 스캔,매칭 키워드: disperse
318,稜,능/릉,"corner, edge, angle; square block",뜻흉함(자동스캔-영문),하,0,meaning(영문) 키워드 자동 스캔,매칭 키워드: block
319,穅,강,"chaff, bran, husks of grain; poor, remiss",뜻흉함(자동스캔-영문),하,0,meaning(영문) 키워드 자동 스캔,매칭 키워드: poor
320,窮,궁,"poor, destitute, impoverished",뜻흉함(자동스캔-영문),하,0,meaning(영문) 키워드 자동 스캔,매칭 키워드: poor
321,窳,유,"dirty, useless, weak, powerless; cracked, a flaw",뜻흉함(자동스캔-영문),하,0,meaning(영문) 키워드 자동 스캔,매칭 키워드: weak
322,糠,강,"chaff, bran, husks; poor",뜻흉함(자동스캔-영문),하,0,meaning(영문) 키워드 자동 스캔,매칭 키워드: poor
323,缺,결,"be short of, lack; gap, deficit",뜻흉함(자동스캔-영문),하,0,meaning(영문) 키워드 자동 스캔,매칭 키워드: lack
324,罣,괘,"hinder, disturb, obstruct",뜻흉함(자동스캔-영문),하,0,meaning(영문) 키워드 자동 스캔,매칭 키워드: obstruct
325,罷,파,"cease, finish, stop; give up",뜻흉함(자동스캔-영문),하,0,meaning(영문) 키워드 자동 스캔,매칭 키워드: stop
326,羸,리/이,"weak, lean, emaciated, exhausted",뜻흉함(자동스캔-영문),하,0,meaning(영문) 키워드 자동 스캔,매칭 키워드: weak
327,耎,연,"weak, pliable, soft, yielding",뜻흉함(자동스캔-영문),하,0,meaning(영문) 키워드 자동 스캔,매칭 키워드: weak
328,薄,박,"thin, slight, weak; poor, stingy",뜻흉함(자동스캔-영문),하,0,meaning(영문) 키워드 자동 스캔,매칭 키워드: poor
329,虧,휴,"lose, fail; damage; deficient",뜻흉함(자동스캔-영문),하,0,meaning(영문) 키워드 자동 스캔,매칭 키워드: lose
330,蠃,라,the solitary wasp,뜻흉함(자동스캔-영문),하,0,meaning(영문) 키워드 자동 스캔,매칭 키워드: solitary
331,訖,흘,"finish; conclude, stop; exhaust",뜻흉함(자동스캔-영문),하,0,meaning(영문) 키워드 자동 스캔,매칭 키워드: stop
332,賠,배,"indemnify, suffer loss",뜻흉함(자동스캔-영문),하,0,meaning(영문) 키워드 자동 스캔,매칭 키워드: loss
333,跱,치,stop,뜻흉함(자동스캔-영문),하,0,meaning(영문) 키워드 자동 스캔,매칭 키워드: stop
334,軟,연,"soft, flexible, pliable; weak",뜻흉함(자동스캔-영문),하,0,meaning(영문) 키워드 자동 스캔,매칭 키워드: weak
335,輭,연,"flexible, pliable; weak, feeble",뜻흉함(자동스캔-영문),하,0,meaning(영문) 키워드 자동 스캔,매칭 키워드: weak
336,鋑,전,"to engrave or carve, as a block for printing",뜻흉함(자동스캔-영문),하,0,meaning(영문) 키워드 자동 스캔,매칭 키워드: block
337,鑕,질,"chopping block, executioner's block",뜻흉함(자동스캔-영문),하,0,meaning(영문) 키워드 자동 스캔,매칭 키워드: block
338,閉,폐,"shut, close; obstruct, block up",뜻흉함(자동스캔-영문),하,0,meaning(영문) 키워드 자동 스캔,매칭 키워드: block
339,閼,알,"block, obstruct, stop up, conceal",뜻흉함(자동스캔-영문),하,0,meaning(영문) 키워드 자동 스캔,매칭 키워드: stop
340,阻,조,"impede, hinder, obstruct; oppose",뜻흉함(자동스캔-영문),하,0,meaning(영문) 키워드 자동 스캔,매칭 키워드: obstruct
341,離,리/이,"leave, depart; go away; separate; trigram ☲; hexagram ䷝",뜻흉함(자동스캔-영문),하,0,meaning(영문) 키워드 자동 스캔,매칭 키워드: depart
342,靡,미,"divide, disperse, scatter",뜻흉함(자동스캔-영문),하,0,meaning(영문) 키워드 자동 스캔,매칭 키워드: scatter
343,頓,돈,"pause, stop; bow, kowtow; arrange",뜻흉함(자동스캔-영문),하,0,meaning(영문) 키워드 자동 스캔,매칭 키워드: stop
344,頖,반,Zhou dynasty school; disperse; fall apart,뜻흉함(자동스캔-영문),하,0,meaning(영문) 키워드 자동 스캔,매칭 키워드: disperse
345,颺,양,"soar, fly, float; scatter",뜻흉함(자동스캔-영문),하,0,meaning(영문) 키워드 자동 스캔,매칭 키워드: scatter
346,駐,주,"to be stationed at, reside at; to stop",뜻흉함(자동스캔-영문),하,0,meaning(영문) 키워드 자동 스캔,매칭 키워드: stop
347,齠,초,lose baby teeth and get adult teeth,뜻흉함(자동스캔-영문),하,0,meaning(영문) 키워드 자동 스캔,매칭 키워드: lose
348,儃,천,"manner, air; easy-going; to turn around; lame; unable to get on",신체특징(자동스캔-영문),별도(신체특징),0,meaning(영문) 키워드 자동 스캔,매칭 키워드: lame
349,喑,음,to be dumb; the sobbing of infants,신체특징(자동스캔-영문),별도(신체특징),0,meaning(영문) 키워드 자동 스캔,매칭 키워드: dumb
350,痹,비,"paralysis, numbness",신체특징(자동스캔-영문),별도(신체특징),0,meaning(영문) 키워드 자동 스캔,매칭 키워드: paralysis
351,痺,비,"paralysis, numbness",신체특징(자동스캔-영문),별도(신체특징),0,meaning(영문) 키워드 자동 스캔,매칭 키워드: paralysis
352,痿,위,paralysis; impotence,신체특징(자동스캔-영문),별도(신체특징),0,meaning(영문) 키워드 자동 스캔,매칭 키워드: paralysis
353,癱,탄,"paralysis, palsy, numbness",신체특징(자동스캔-영문),별도(신체특징),0,meaning(영문) 키워드 자동 스캔,매칭 키워드: paralysis
354,眇,묘,"blind in one eye; minute, minuscule",신체특징(자동스캔-영문),별도(신체특징),0,meaning(영문) 키워드 자동 스캔,매칭 키워드: blind
355,眛,매,"dim, dark, obscure; blind",신체특징(자동스캔-영문),별도(신체특징),0,meaning(영문) 키워드 자동 스캔,매칭 키워드: blind
356,瞍,수,blind; no pupil in the eye,신체특징(자동스캔-영문),별도(신체특징),0,meaning(영문) 키워드 자동 스캔,매칭 키워드: blind
357,瞎,할,"blind, reckless; rash",신체특징(자동스캔-영문),별도(신체특징),0,meaning(영문) 키워드 자동 스캔,매칭 키워드: blind
358,簾,렴/염,"a blind, screen, curtain",신체특징(자동스캔-영문),별도(신체특징),0,meaning(영문) 키워드 자동 스캔,매칭 키워드: blind
359,聵,외,deaf,신체특징(자동스캔-영문),별도(신체특징),0,meaning(영문) 키워드 자동 스캔,매칭 키워드: deaf
360,聾,농/롱,deaf,신체특징(자동스캔-영문),별도(신체특징),0,meaning(영문) 키워드 자동 스캔,매칭 키워드: deaf
361,跛,파,lame,신체특징(자동스캔-영문),별도(신체특징),0,meaning(영문) 키워드 자동 스캔,매칭 키워드: lame
362,蹇,건,"lame, crippled; unlucky; hexagram ䷦",신체특징(자동스캔-영문),별도(신체특징),0,meaning(영문) 키워드 자동 스캔,매칭 키워드: lame
